[INFO] Scanning for projects...
[INFO] 
[INFO] -------------------------< com.aquasertao:api >-------------------------
[INFO] Building AquaSertaoApi 0.0.1-SNAPSHOT
[INFO]   from pom.xml
[INFO] --------------------------------[ jar ]---------------------------------
[INFO] 
[INFO] >>> spring-boot:4.0.6:run (default-cli) > test-compile @ api >>>
[INFO] 
[INFO] --- resources:3.3.1:resources (default-resources) @ api ---
[INFO] Copying 1 resource from src/main/resources to target/classes
[INFO] Copying 2 resources from src/main/resources to target/classes
[INFO] 
[INFO] --- compiler:3.14.1:compile (default-compile) @ api ---
[INFO] Nothing to compile - all classes are up to date.
[INFO] 
[INFO] --- resources:3.3.1:testResources (default-testResources) @ api ---
[INFO] skip non existing resourceDirectory /home/romario-jala/Área de trabalho/AquaGestor/src/test/resources
[INFO] 
[INFO] --- compiler:3.14.1:testCompile (default-testCompile) @ api ---
[INFO] Nothing to compile - all classes are up to date.
[INFO] 
[INFO] <<< spring-boot:4.0.6:run (default-cli) < test-compile @ api <<<
[INFO] 
[INFO] 
[INFO] --- spring-boot:4.0.6:run (default-cli) @ api ---
[INFO] Attaching agents: []

  .   ____          _            __ _ _
 /\\ / ___'_ __ _ _(_)_ __  __ _ \ \ \ \
( ( )\___ | '_ | '_| | '_ \/ _` | \ \ \ \
 \\/  ___)| |_)| | | | | || (_| |  ) ) ) )
  '  |____| .__|_| |_|_| |_\__, | / / / /
 =========|_|==============|___/=/_/_/_/

 :: Spring Boot ::                (v4.0.6)

2026-05-29T21:15:29.878-03:00  INFO 325758 --- [aquasertao-api] [           main] c.a.api.AquaSertaoApiApplication         : Starting AquaSertaoApiApplication using Java 21.0.11 with PID 325758 (/home/romario-jala/Área de trabalho/AquaGestor/target/classes started by romario-jala in /home/romario-jala/Área de trabalho/AquaGestor)
2026-05-29T21:15:29.884-03:00  INFO 325758 --- [aquasertao-api] [           main] c.a.api.AquaSertaoApiApplication         : No active profile set, falling back to 1 default profile: "default"
2026-05-29T21:15:31.574-03:00  INFO 325758 --- [aquasertao-api] [           main] .s.d.r.c.RepositoryConfigurationDelegate : Bootstrapping Spring Data JPA repositories in DEFAULT mode.
2026-05-29T21:15:31.693-03:00  INFO 325758 --- [aquasertao-api] [           main] .s.d.r.c.RepositoryConfigurationDelegate : Finished Spring Data repository scanning in 107 ms. Found 18 JPA repository interfaces.
2026-05-29T21:15:32.628-03:00  INFO 325758 --- [aquasertao-api] [           main] o.s.boot.tomcat.TomcatWebServer          : Tomcat initialized with port 8081 (http)
2026-05-29T21:15:32.658-03:00  INFO 325758 --- [aquasertao-api] [           main] o.apache.catalina.core.StandardService   : Starting service [Tomcat]
2026-05-29T21:15:32.658-03:00  INFO 325758 --- [aquasertao-api] [           main] o.apache.catalina.core.StandardEngine    : Starting Servlet engine: [Apache Tomcat/11.0.21]
2026-05-29T21:15:32.774-03:00  INFO 325758 --- [aquasertao-api] [           main] b.w.c.s.WebApplicationContextInitializer : Root WebApplicationContext: initialization completed in 2800 ms
2026-05-29T21:15:33.156-03:00  INFO 325758 --- [aquasertao-api] [           main] com.zaxxer.hikari.HikariDataSource       : HikariPool-1 - Starting...
2026-05-29T21:15:33.388-03:00  INFO 325758 --- [aquasertao-api] [           main] com.zaxxer.hikari.pool.HikariPool        : HikariPool-1 - Added connection org.postgresql.jdbc.PgConnection@3c28181b
2026-05-29T21:15:33.390-03:00  INFO 325758 --- [aquasertao-api] [           main] com.zaxxer.hikari.HikariDataSource       : HikariPool-1 - Start completed.
2026-05-29T21:15:33.438-03:00  INFO 325758 --- [aquasertao-api] [           main] org.flywaydb.core.FlywayExecutor         : Database: jdbc:postgresql://localhost:5439/aquasertao_db (PostgreSQL 15.17)
2026-05-29T21:15:33.582-03:00  INFO 325758 --- [aquasertao-api] [           main] o.f.core.internal.command.DbValidate     : Successfully validated 2 migrations (execution time 00:00.078s)
2026-05-29T21:15:33.629-03:00  INFO 325758 --- [aquasertao-api] [           main] o.f.core.internal.command.DbMigrate      : Current version of schema "public": 2
2026-05-29T21:15:33.639-03:00  INFO 325758 --- [aquasertao-api] [           main] o.f.core.internal.command.DbMigrate      : Schema "public" is up to date. No migration necessary.
2026-05-29T21:15:33.898-03:00  INFO 325758 --- [aquasertao-api] [           main] org.hibernate.orm.jpa                    : HHH008540: Processing PersistenceUnitInfo [name: default]
2026-05-29T21:15:34.021-03:00  INFO 325758 --- [aquasertao-api] [           main] org.hibernate.orm.core                   : HHH000001: Hibernate ORM core version 7.2.12.Final
2026-05-29T21:15:34.994-03:00  INFO 325758 --- [aquasertao-api] [           main] o.s.o.j.p.SpringPersistenceUnitInfo      : No LoadTimeWeaver setup: ignoring JPA class transformer
2026-05-29T21:15:35.107-03:00  WARN 325758 --- [aquasertao-api] [           main] org.hibernate.orm.deprecation            : HHH90000025: PostgreSQLDialect does not need to be specified explicitly using 'hibernate.dialect' (remove the property setting and it will be selected by default)
2026-05-29T21:15:35.134-03:00  INFO 325758 --- [aquasertao-api] [           main] org.hibernate.orm.connections.pooling    : HHH10001005: Database info:
	Database JDBC URL [jdbc:postgresql://localhost:5439/aquasertao_db]
	Database driver: PostgreSQL JDBC Driver
	Database dialect: PostgreSQLDialect
	Database version: 15.17
	Default catalog/schema: aquasertao_db/public
	Autocommit mode: undefined/unknown
	Isolation level: READ_COMMITTED [default READ_COMMITTED]
	JDBC fetch size: none
	Pool: DataSourceConnectionProvider
	Minimum pool size: undefined/unknown
	Maximum pool size: undefined/unknown
2026-05-29T21:15:37.262-03:00  INFO 325758 --- [aquasertao-api] [           main] org.hibernate.orm.core                   : HHH000489: No JTA platform available (set 'hibernate.transaction.jta.platform' to enable JTA platform integration)
2026-05-29T21:15:37.395-03:00  INFO 325758 --- [aquasertao-api] [           main] j.LocalContainerEntityManagerFactoryBean : Initialized JPA EntityManagerFactory for persistence unit 'default'
2026-05-29T21:15:37.492-03:00  INFO 325758 --- [aquasertao-api] [           main] o.s.d.j.r.query.QueryEnhancerFactories   : Hibernate is in classpath; If applicable, HQL parser will be used.
2026-05-29T21:15:38.075-03:00  INFO 325758 --- [aquasertao-api] [           main] eAuthenticationProviderManagerConfigurer : Global AuthenticationManager configured with AuthenticationProvider bean with name authenticationProvider
2026-05-29T21:15:38.076-03:00  WARN 325758 --- [aquasertao-api] [           main] r$InitializeUserDetailsManagerConfigurer : Global AuthenticationManager configured with an AuthenticationProvider bean. UserDetailsService beans will not be used by Spring Security for automatically configuring username/password login. Consider removing the AuthenticationProvider bean. Alternatively, consider using the UserDetailsService in a manually instantiated DaoAuthenticationProvider. If the current configuration is intentional, to turn off this warning, increase the logging level of 'org.springframework.security.config.annotation.authentication.configuration.InitializeUserDetailsBeanManagerConfigurer' to ERROR
2026-05-29T21:15:38.582-03:00  WARN 325758 --- [aquasertao-api] [           main] JpaBaseConfiguration$JpaWebConfiguration : spring.jpa.open-in-view is enabled by default. Therefore, database queries may be performed during view rendering. Explicitly configure spring.jpa.open-in-view to disable this warning
2026-05-29T21:15:39.976-03:00  INFO 325758 --- [aquasertao-api] [           main] o.s.boot.tomcat.TomcatWebServer          : Tomcat started on port 8081 (http) with context path '/'
2026-05-29T21:15:39.990-03:00  INFO 325758 --- [aquasertao-api] [           main] c.a.api.AquaSertaoApiApplication         : Started AquaSertaoApiApplication in 10.836 seconds (process running for 11.525)
2026-05-29T21:15:53.864-03:00  INFO 325758 --- [aquasertao-api] [nio-8081-exec-1] o.a.c.c.C.[Tomcat].[localhost].[/]       : Initializing Spring DispatcherServlet 'dispatcherServlet'
2026-05-29T21:15:53.865-03:00  INFO 325758 --- [aquasertao-api] [nio-8081-exec-1] o.s.web.servlet.DispatcherServlet        : Initializing Servlet 'dispatcherServlet'
2026-05-29T21:15:53.871-03:00  INFO 325758 --- [aquasertao-api] [nio-8081-exec-1] o.s.web.servlet.DispatcherServlet        : Completed initialization in 5 ms
Hibernate: 
    select
        gu1_0.id,
        gu1_0.account_type,
        gu1_0.created_at,
        gu1_0.email,
        gu1_0.name,
        gu1_0.password 
    from
        global_user gu1_0 
    where
        gu1_0.email=?
Hibernate: 
    select
        gu1_0.id,
        gu1_0.account_type,
        gu1_0.created_at,
        gu1_0.email,
        gu1_0.name,
        gu1_0.password 
    from
        global_user gu1_0 
    where
        gu1_0.email=?
Hibernate: 
    select
        gu1_0.id,
        gu1_0.account_type,
        gu1_0.created_at,
        gu1_0.email,
        gu1_0.name,
        gu1_0.password 
    from
        global_user gu1_0 
    where
        gu1_0.email=?
Hibernate: 
    select
        m1_0.id,
        m1_0.description,
        m1_0.farm_id,
        m1_0.scheduled_date,
        m1_0.status,
        m1_0.tank_id 
    from
        maintenance m1_0 
    where
        m1_0.id=? 
        and m1_0.farm_id=?
Hibernate: 
    update
        maintenance 
    set
        description=?,
        farm_id=?,
        scheduled_date=?,
        status=?,
        tank_id=? 
    where
        id=?
Hibernate: 
    select
        gu1_0.id,
        gu1_0.account_type,
        gu1_0.created_at,
        gu1_0.email,
        gu1_0.name,
        gu1_0.password 
    from
        global_user gu1_0 
    where
        gu1_0.email=?
Hibernate: 
    select
        gu1_0.id,
        gu1_0.account_type,
        gu1_0.created_at,
        gu1_0.email,
        gu1_0.name,
        gu1_0.password 
    from
        global_user gu1_0 
    where
        gu1_0.email=?
Hibernate: 
    select
        gu1_0.id,
        gu1_0.account_type,
        gu1_0.created_at,
        gu1_0.email,
        gu1_0.name,
        gu1_0.password 
    from
        global_user gu1_0 
    where
        gu1_0.email=?
Hibernate: 
    select
        m1_0.id,
        m1_0.description,
        m1_0.farm_id,
        m1_0.scheduled_date,
        m1_0.status,
        m1_0.tank_id 
    from
        maintenance m1_0 
    where
        m1_0.id=? 
        and m1_0.farm_id=?
Hibernate: 
    select
        gu1_0.id,
        gu1_0.account_type,
        gu1_0.created_at,
        gu1_0.email,
        gu1_0.name,
        gu1_0.password 
    from
        global_user gu1_0 
    where
        gu1_0.email=?
2026-05-29T21:16:23.097-03:00  WARN 325758 --- [aquasertao-api] [nio-8081-exec-7] .w.s.m.s.DefaultHandlerExceptionResolver : Resolved [org.springframework.http.converter.HttpMessageNotReadableException: JSON parse error: Cannot deserialize value of type `java.util.UUID` from String "Inspeção estrutural da lona": UUID has to be represented by standard 36-char representation]
Hibernate: 
    select
        gu1_0.id,
        gu1_0.account_type,
        gu1_0.created_at,
        gu1_0.email,
        gu1_0.name,
        gu1_0.password 
    from
        global_user gu1_0 
    where
        gu1_0.email=?
Hibernate: 
    select
        gu1_0.id,
        gu1_0.account_type,
        gu1_0.created_at,
        gu1_0.email,
        gu1_0.name,
        gu1_0.password 
    from
        global_user gu1_0 
    where
        gu1_0.email=?
Hibernate: 
    select
        ft1_0.id,
        ft1_0.cnpj,
        ft1_0.created_at,
        ft1_0.name,
        ft1_0.owner_id 
    from
        farm_tenant ft1_0 
    where
        ft1_0.owner_id=? 
    fetch
        first ? rows only
Hibernate: 
    select
        m1_0.id,
        m1_0.description,
        m1_0.farm_id,
        m1_0.scheduled_date,
        m1_0.status,
        m1_0.tank_id 
    from
        maintenance m1_0 
    where
        m1_0.farm_id=? 
    fetch
        first ? rows only
2026-05-29T21:16:32.081-03:00  WARN 325758 --- [aquasertao-api] [nio-8081-exec-1] ration$PageModule$WarningLoggingModifier : Serializing PageImpl instances as-is is not supported, meaning that there is no guarantee about the stability of the resulting JSON structure!
	For a stable JSON structure, please use Spring Data's PagedModel (globally via @EnableSpringDataWebSupport(pageSerializationMode = VIA_DTO))
	or Spring HATEOAS and Spring Data's PagedResourcesAssembler as documented in https://docs.spring.io/spring-data/commons/reference/repositories/core-extensions.html#core.web.pageables.

Hibernate: 
    select
        gu1_0.id,
        gu1_0.account_type,
        gu1_0.created_at,
        gu1_0.email,
        gu1_0.name,
        gu1_0.password 
    from
        global_user gu1_0 
    where
        gu1_0.email=?
Hibernate: 
    select
        m1_0.id,
        m1_0.description,
        m1_0.farm_id,
        m1_0.scheduled_date,
        m1_0.status,
        m1_0.tank_id 
    from
        maintenance m1_0 
    where
        m1_0.id=? 
        and m1_0.farm_id=?
Hibernate: 
    update
        maintenance 
    set
        description=?,
        farm_id=?,
        scheduled_date=?,
        status=?,
        tank_id=? 
    where
        id=?
2026-05-29T21:16:43.993-03:00  WARN 325758 --- [aquasertao-api] [nio-8081-exec-4] org.hibernate.orm.jdbc.error             : HHH000247: ErrorCode: 0, SQLState: 23502
2026-05-29T21:16:43.994-03:00  WARN 325758 --- [aquasertao-api] [nio-8081-exec-4] org.hibernate.orm.jdbc.error             : ERROR: null value in column "tank_id" of relation "maintenance" violates not-null constraint
  Detalhe: Failing row contains (b7a1470e-9ffd-469c-9b16-ca7b7e2290aa, 55555555-5555-5555-5555-555555555555, null, Inspeção estrutural da lona, IN_PROGRESS, 2026-05-24).
2026-05-29T21:16:44.008-03:00 ERROR 325758 --- [aquasertao-api] [nio-8081-exec-4] o.a.c.c.C.[.[.[/].[dispatcherServlet]    : Servlet.service() for servlet [dispatcherServlet] in context with path [] threw exception [Request processing failed: org.springframework.dao.DataIntegrityViolationException: could not execute statement [ERROR: null value in column "tank_id" of relation "maintenance" violates not-null constraint
  Detalhe: Failing row contains (b7a1470e-9ffd-469c-9b16-ca7b7e2290aa, 55555555-5555-5555-5555-555555555555, null, Inspeção estrutural da lona, IN_PROGRESS, 2026-05-24).] [update maintenance set description=?,farm_id=?,scheduled_date=?,status=?,tank_id=? where id=?]; SQL [update maintenance set description=?,farm_id=?,scheduled_date=?,status=?,tank_id=? where id=?]; constraint [tank_id]] with root cause

org.postgresql.util.PSQLException: ERROR: null value in column "tank_id" of relation "maintenance" violates not-null constraint
  Detalhe: Failing row contains (b7a1470e-9ffd-469c-9b16-ca7b7e2290aa, 55555555-5555-5555-5555-555555555555, null, Inspeção estrutural da lona, IN_PROGRESS, 2026-05-24).
	at org.postgresql.core.v3.QueryExecutorImpl.receiveErrorResponse(QueryExecutorImpl.java:2875) ~[postgresql-42.7.10.jar:42.7.10]
	at org.postgresql.core.v3.QueryExecutorImpl.processResults(QueryExecutorImpl.java:2560) ~[postgresql-42.7.10.jar:42.7.10]
	at org.postgresql.core.v3.QueryExecutorImpl.execute(QueryExecutorImpl.java:429) ~[postgresql-42.7.10.jar:42.7.10]
	at org.postgresql.jdbc.PgStatement.executeInternal(PgStatement.java:526) ~[postgresql-42.7.10.jar:42.7.10]
	at org.postgresql.jdbc.PgStatement.execute(PgStatement.java:436) ~[postgresql-42.7.10.jar:42.7.10]
	at org.postgresql.jdbc.PgPreparedStatement.executeWithFlags(PgPreparedStatement.java:196) ~[postgresql-42.7.10.jar:42.7.10]
	at org.postgresql.jdbc.PgPreparedStatement.executeUpdate(PgPreparedStatement.java:157) ~[postgresql-42.7.10.jar:42.7.10]
	at com.zaxxer.hikari.pool.ProxyPreparedStatement.executeUpdate(ProxyPreparedStatement.java:61) ~[HikariCP-7.0.2.jar:na]
	at com.zaxxer.hikari.pool.HikariProxyPreparedStatement.executeUpdate(HikariProxyPreparedStatement.java) ~[HikariCP-7.0.2.jar:na]
	at org.hibernate.engine.jdbc.internal.ResultSetReturnImpl.executeUpdate(ResultSetReturnImpl.java:181) ~[hibernate-core-7.2.12.Final.jar:7.2.12.Final]
	at org.hibernate.engine.jdbc.mutation.internal.AbstractMutationExecutor.performNonBatchedMutation(AbstractMutationExecutor.java:145) ~[hibernate-core-7.2.12.Final.jar:7.2.12.Final]
	at org.hibernate.engine.jdbc.mutation.internal.MutationExecutorSingleNonBatched.performNonBatchedOperations(MutationExecutorSingleNonBatched.java:53) ~[hibernate-core-7.2.12.Final.jar:7.2.12.Final]
	at org.hibernate.engine.jdbc.mutation.internal.AbstractMutationExecutor.execute(AbstractMutationExecutor.java:66) ~[hibernate-core-7.2.12.Final.jar:7.2.12.Final]
	at org.hibernate.persister.entity.mutation.UpdateCoordinatorStandard.doStaticUpdate(UpdateCoordinatorStandard.java:805) ~[hibernate-core-7.2.12.Final.jar:7.2.12.Final]
	at org.hibernate.persister.entity.mutation.UpdateCoordinatorStandard.performUpdate(UpdateCoordinatorStandard.java:322) ~[hibernate-core-7.2.12.Final.jar:7.2.12.Final]
	at org.hibernate.persister.entity.mutation.UpdateCoordinatorStandard.update(UpdateCoordinatorStandard.java:240) ~[hibernate-core-7.2.12.Final.jar:7.2.12.Final]
	at org.hibernate.action.internal.EntityUpdateAction.execute(EntityUpdateAction.java:161) ~[hibernate-core-7.2.12.Final.jar:7.2.12.Final]
	at org.hibernate.engine.spi.ActionQueue.executeActions(ActionQueue.java:634) ~[hibernate-core-7.2.12.Final.jar:7.2.12.Final]
	at org.hibernate.engine.spi.ActionQueue.executeActions(ActionQueue.java:505) ~[hibernate-core-7.2.12.Final.jar:7.2.12.Final]
	at org.hibernate.event.internal.AbstractFlushingEventListener.performExecutions(AbstractFlushingEventListener.java:381) ~[hibernate-core-7.2.12.Final.jar:7.2.12.Final]
	at org.hibernate.event.internal.DefaultFlushEventListener.onFlush(DefaultFlushEventListener.java:40) ~[hibernate-core-7.2.12.Final.jar:7.2.12.Final]
	at org.hibernate.event.service.internal.EventListenerGroupImpl.fireEventOnEachListener(EventListenerGroupImpl.java:138) ~[hibernate-core-7.2.12.Final.jar:7.2.12.Final]
	at org.hibernate.internal.SessionImpl.fireFlush(SessionImpl.java:1484) ~[hibernate-core-7.2.12.Final.jar:7.2.12.Final]
	at org.hibernate.internal.SessionImpl.managedFlush(SessionImpl.java:481) ~[hibernate-core-7.2.12.Final.jar:7.2.12.Final]
	at org.hibernate.internal.SessionImpl.flushBeforeTransactionCompletion(SessionImpl.java:2111) ~[hibernate-core-7.2.12.Final.jar:7.2.12.Final]
	at org.hibernate.internal.SessionImpl.beforeTransactionCompletion(SessionImpl.java:2033) ~[hibernate-core-7.2.12.Final.jar:7.2.12.Final]
	at org.hibernate.engine.jdbc.internal.JdbcCoordinatorImpl.beforeTransactionCompletion(JdbcCoordinatorImpl.java:410) ~[hibernate-core-7.2.12.Final.jar:7.2.12.Final]
	at org.hibernate.resource.transaction.backend.jdbc.internal.JdbcResourceLocalTransactionCoordinatorImpl.beforeCompletionCallback(JdbcResourceLocalTransactionCoordinatorImpl.java:166) ~[hibernate-core-7.2.12.Final.jar:7.2.12.Final]
	at org.hibernate.resource.transaction.backend.jdbc.internal.JdbcResourceLocalTransactionCoordinatorImpl$TransactionDriverControlImpl.commitNoRollbackOnly(JdbcResourceLocalTransactionCoordinatorImpl.java:248) ~[hibernate-core-7.2.12.Final.jar:7.2.12.Final]
	at org.hibernate.resource.transaction.backend.jdbc.internal.JdbcResourceLocalTransactionCoordinatorImpl$TransactionDriverControlImpl.commit(JdbcResourceLocalTransactionCoordinatorImpl.java:242) ~[hibernate-core-7.2.12.Final.jar:7.2.12.Final]
	at org.hibernate.engine.transaction.internal.TransactionImpl.commit(TransactionImpl.java:89) ~[hibernate-core-7.2.12.Final.jar:7.2.12.Final]
	at org.springframework.orm.jpa.JpaTransactionManager.doCommit(JpaTransactionManager.java:553) ~[spring-orm-7.0.7.jar:7.0.7]
	at org.springframework.transaction.support.AbstractPlatformTransactionManager.processCommit(AbstractPlatformTransactionManager.java:794) ~[spring-tx-7.0.7.jar:7.0.7]
	at org.springframework.transaction.support.AbstractPlatformTransactionManager.commit(AbstractPlatformTransactionManager.java:757) ~[spring-tx-7.0.7.jar:7.0.7]
	at org.springframework.transaction.interceptor.TransactionAspectSupport.commitTransactionAfterReturning(TransactionAspectSupport.java:687) ~[spring-tx-7.0.7.jar:7.0.7]
	at org.springframework.transaction.interceptor.TransactionAspectSupport.invokeWithinTransaction(TransactionAspectSupport.java:408) ~[spring-tx-7.0.7.jar:7.0.7]
	at org.springframework.transaction.interceptor.TransactionInterceptor.invoke(TransactionInterceptor.java:130) ~[spring-tx-7.0.7.jar:7.0.7]
	at org.springframework.aop.framework.ReflectiveMethodInvocation.proceed(ReflectiveMethodInvocation.java:179) ~[spring-aop-7.0.7.jar:7.0.7]
	at org.springframework.dao.support.PersistenceExceptionTranslationInterceptor.invoke(PersistenceExceptionTranslationInterceptor.java:135) ~[spring-tx-7.0.7.jar:7.0.7]
	at org.springframework.aop.framework.ReflectiveMethodInvocation.proceed(ReflectiveMethodInvocation.java:179) ~[spring-aop-7.0.7.jar:7.0.7]
	at org.springframework.data.jpa.repository.support.CrudMethodMetadataPostProcessor$CrudMethodMetadataPopulatingMethodInterceptor.invoke(CrudMethodMetadataPostProcessor.java:166) ~[spring-data-jpa-4.0.5.jar:4.0.5]
	at org.springframework.aop.framework.ReflectiveMethodInvocation.proceed(ReflectiveMethodInvocation.java:179) ~[spring-aop-7.0.7.jar:7.0.7]
	at org.springframework.aop.framework.JdkDynamicAopProxy.invoke(JdkDynamicAopProxy.java:222) ~[spring-aop-7.0.7.jar:7.0.7]
	at jdk.proxy2/jdk.proxy2.$Proxy166.save(Unknown Source) ~[na:na]
	at com.aquasertao.api.modules.operational.services.MaintenanceService.updateMaintenance(MaintenanceService.java:53) ~[classes/:na]
	at com.aquasertao.api.modules.operational.controllers.MaintenanceController.updateMaintenance(MaintenanceController.java:47) ~[classes/:na]
	at java.base/jdk.internal.reflect.DirectMethodHandleAccessor.invoke(DirectMethodHandleAccessor.java:103) ~[na:na]
	at java.base/java.lang.reflect.Method.invoke(Method.java:580) ~[na:na]
	at org.springframework.web.method.support.InvocableHandlerMethod.doInvoke(InvocableHandlerMethod.java:252) ~[spring-web-7.0.7.jar:7.0.7]
	at org.springframework.web.method.support.InvocableHandlerMethod.invokeForRequest(InvocableHandlerMethod.java:184) ~[spring-web-7.0.7.jar:7.0.7]
	at org.springframework.web.servlet.mvc.method.annotation.ServletInvocableHandlerMethod.invokeAndHandle(ServletInvocableHandlerMethod.java:117) ~[spring-webmvc-7.0.7.jar:7.0.7]
	at org.springframework.web.servlet.mvc.method.annotation.RequestMappingHandlerAdapter.invokeHandlerMethod(RequestMappingHandlerAdapter.java:934) ~[spring-webmvc-7.0.7.jar:7.0.7]
	at org.springframework.web.servlet.mvc.method.annotation.RequestMappingHandlerAdapter.handleInternal(RequestMappingHandlerAdapter.java:853) ~[spring-webmvc-7.0.7.jar:7.0.7]
	at org.springframework.web.servlet.mvc.method.AbstractHandlerMethodAdapter.handle(AbstractHandlerMethodAdapter.java:86) ~[spring-webmvc-7.0.7.jar:7.0.7]
	at org.springframework.web.servlet.DispatcherServlet.doDispatch(DispatcherServlet.java:963) ~[spring-webmvc-7.0.7.jar:7.0.7]
	at org.springframework.web.servlet.DispatcherServlet.doService(DispatcherServlet.java:866) ~[spring-webmvc-7.0.7.jar:7.0.7]
	at org.springframework.web.servlet.FrameworkServlet.processRequest(FrameworkServlet.java:1000) ~[spring-webmvc-7.0.7.jar:7.0.7]
	at org.springframework.web.servlet.FrameworkServlet.doPut(FrameworkServlet.java:914) ~[spring-webmvc-7.0.7.jar:7.0.7]
	at jakarta.servlet.http.HttpServlet.service(HttpServlet.java:650) ~[tomcat-embed-core-11.0.21.jar:6.1]
	at org.springframework.web.servlet.FrameworkServlet.service(FrameworkServlet.java:874) ~[spring-webmvc-7.0.7.jar:7.0.7]
	at jakarta.servlet.http.HttpServlet.service(HttpServlet.java:710) ~[tomcat-embed-core-11.0.21.jar:6.1]
	at org.apache.catalina.core.ApplicationFilterChain.doFilter(ApplicationFilterChain.java:128) ~[tomcat-embed-core-11.0.21.jar:11.0.21]
	at org.apache.tomcat.websocket.server.WsFilter.doFilter(WsFilter.java:53) ~[tomcat-embed-websocket-11.0.21.jar:11.0.21]
	at org.apache.catalina.core.ApplicationFilterChain.doFilter(ApplicationFilterChain.java:107) ~[tomcat-embed-core-11.0.21.jar:11.0.21]
	at org.springframework.web.filter.OncePerRequestFilter.doFilter(OncePerRequestFilter.java:110) ~[spring-web-7.0.7.jar:7.0.7]
	at org.apache.catalina.core.ApplicationFilterChain.doFilter(ApplicationFilterChain.java:107) ~[tomcat-embed-core-11.0.21.jar:11.0.21]
	at org.springframework.web.filter.CompositeFilter$VirtualFilterChain.doFilter(CompositeFilter.java:108) ~[spring-web-7.0.7.jar:7.0.7]
	at org.springframework.security.web.FilterChainProxy.lambda$doFilterInternal$3(FilterChainProxy.java:235) ~[spring-security-web-7.0.5.jar:7.0.5]
	at org.springframework.security.web.FilterChainProxy$VirtualFilterChain.doFilter(FilterChainProxy.java:376) ~[spring-security-web-7.0.5.jar:7.0.5]
	at org.springframework.security.web.access.intercept.AuthorizationFilter.doFilter(AuthorizationFilter.java:101) ~[spring-security-web-7.0.5.jar:7.0.5]
	at org.springframework.security.web.FilterChainProxy$VirtualFilterChain.doFilter(FilterChainProxy.java:385) ~[spring-security-web-7.0.5.jar:7.0.5]
	at org.springframework.security.web.access.ExceptionTranslationFilter.doFilter(ExceptionTranslationFilter.java:126) ~[spring-security-web-7.0.5.jar:7.0.5]
	at org.springframework.security.web.access.ExceptionTranslationFilter.doFilter(ExceptionTranslationFilter.java:120) ~[spring-security-web-7.0.5.jar:7.0.5]
	at org.springframework.security.web.FilterChainProxy$VirtualFilterChain.doFilter(FilterChainProxy.java:385) ~[spring-security-web-7.0.5.jar:7.0.5]
	at org.springframework.security.web.session.SessionManagementFilter.doFilter(SessionManagementFilter.java:132) ~[spring-security-web-7.0.5.jar:7.0.5]
	at org.springframework.security.web.session.SessionManagementFilter.doFilter(SessionManagementFilter.java:86) ~[spring-security-web-7.0.5.jar:7.0.5]
	at org.springframework.security.web.FilterChainProxy$VirtualFilterChain.doFilter(FilterChainProxy.java:385) ~[spring-security-web-7.0.5.jar:7.0.5]
	at org.springframework.security.web.authentication.AnonymousAuthenticationFilter.doFilter(AnonymousAuthenticationFilter.java:100) ~[spring-security-web-7.0.5.jar:7.0.5]
	at org.springframework.security.web.FilterChainProxy$VirtualFilterChain.doFilter(FilterChainProxy.java:385) ~[spring-security-web-7.0.5.jar:7.0.5]
	at org.springframework.security.web.servletapi.SecurityContextHolderAwareRequestFilter.doFilter(SecurityContextHolderAwareRequestFilter.java:181) ~[spring-security-web-7.0.5.jar:7.0.5]
	at org.springframework.security.web.FilterChainProxy$VirtualFilterChain.doFilter(FilterChainProxy.java:385) ~[spring-security-web-7.0.5.jar:7.0.5]
	at org.springframework.security.web.savedrequest.RequestCacheAwareFilter.doFilter(RequestCacheAwareFilter.java:63) ~[spring-security-web-7.0.5.jar:7.0.5]
	at org.springframework.security.web.FilterChainProxy$VirtualFilterChain.doFilter(FilterChainProxy.java:385) ~[spring-security-web-7.0.5.jar:7.0.5]
	at com.aquasertao.api.modules.core.security.JwtAuthenticationFilter.doFilterInternal(JwtAuthenticationFilter.java:60) ~[classes/:na]
	at org.springframework.web.filter.OncePerRequestFilter.doFilter(OncePerRequestFilter.java:116) ~[spring-web-7.0.7.jar:7.0.7]
	at org.springframework.security.web.FilterChainProxy$VirtualFilterChain.doFilter(FilterChainProxy.java:385) ~[spring-security-web-7.0.5.jar:7.0.5]
	at org.springframework.security.web.authentication.logout.LogoutFilter.doFilter(LogoutFilter.java:110) ~[spring-security-web-7.0.5.jar:7.0.5]
	at org.springframework.security.web.authentication.logout.LogoutFilter.doFilter(LogoutFilter.java:96) ~[spring-security-web-7.0.5.jar:7.0.5]
	at org.springframework.security.web.FilterChainProxy$VirtualFilterChain.doFilter(FilterChainProxy.java:385) ~[spring-security-web-7.0.5.jar:7.0.5]
	at org.springframework.web.filter.CorsFilter.doFilterInternal(CorsFilter.java:91) ~[spring-web-7.0.7.jar:7.0.7]
	at org.springframework.web.filter.OncePerRequestFilter.doFilter(OncePerRequestFilter.java:116) ~[spring-web-7.0.7.jar:7.0.7]
	at org.springframework.security.web.FilterChainProxy$VirtualFilterChain.doFilter(FilterChainProxy.java:385) ~[spring-security-web-7.0.5.jar:7.0.5]
	at org.springframework.security.web.header.HeaderWriterFilter.doHeadersAfter(HeaderWriterFilter.java:90) ~[spring-security-web-7.0.5.jar:7.0.5]
	at org.springframework.security.web.header.HeaderWriterFilter.doFilterInternal(HeaderWriterFilter.java:75) ~[spring-security-web-7.0.5.jar:7.0.5]
	at org.springframework.web.filter.OncePerRequestFilter.doFilter(OncePerRequestFilter.java:116) ~[spring-web-7.0.7.jar:7.0.7]
	at org.springframework.security.web.FilterChainProxy$VirtualFilterChain.doFilter(FilterChainProxy.java:385) ~[spring-security-web-7.0.5.jar:7.0.5]
	at org.springframework.security.web.context.SecurityContextHolderFilter.doFilter(SecurityContextHolderFilter.java:82) ~[spring-security-web-7.0.5.jar:7.0.5]
	at org.springframework.security.web.context.SecurityContextHolderFilter.doFilter(SecurityContextHolderFilter.java:69) ~[spring-security-web-7.0.5.jar:7.0.5]
	at org.springframework.security.web.FilterChainProxy$VirtualFilterChain.doFilter(FilterChainProxy.java:385) ~[spring-security-web-7.0.5.jar:7.0.5]
	at org.springframework.security.web.context.request.async.WebAsyncManagerIntegrationFilter.doFilterInternal(WebAsyncManagerIntegrationFilter.java:62) ~[spring-security-web-7.0.5.jar:7.0.5]
	at org.springframework.web.filter.OncePerRequestFilter.doFilter(OncePerRequestFilter.java:116) ~[spring-web-7.0.7.jar:7.0.7]
	at org.springframework.security.web.FilterChainProxy$VirtualFilterChain.doFilter(FilterChainProxy.java:385) ~[spring-security-web-7.0.5.jar:7.0.5]
	at org.springframework.security.web.session.DisableEncodeUrlFilter.doFilterInternal(DisableEncodeUrlFilter.java:42) ~[spring-security-web-7.0.5.jar:7.0.5]
	at org.springframework.web.filter.OncePerRequestFilter.doFilter(OncePerRequestFilter.java:116) ~[spring-web-7.0.7.jar:7.0.7]
	at org.springframework.security.web.FilterChainProxy$VirtualFilterChain.doFilter(FilterChainProxy.java:385) ~[spring-security-web-7.0.5.jar:7.0.5]
	at org.springframework.security.web.FilterChainProxy.doFilterInternal(FilterChainProxy.java:237) ~[spring-security-web-7.0.5.jar:7.0.5]
	at org.springframework.security.web.FilterChainProxy.doFilter(FilterChainProxy.java:195) ~[spring-security-web-7.0.5.jar:7.0.5]
	at org.springframework.web.filter.CompositeFilter$VirtualFilterChain.doFilter(CompositeFilter.java:113) ~[spring-web-7.0.7.jar:7.0.7]
	at org.springframework.web.filter.ServletRequestPathFilter.doFilter(ServletRequestPathFilter.java:52) ~[spring-web-7.0.7.jar:7.0.7]
	at org.springframework.web.filter.CompositeFilter$VirtualFilterChain.doFilter(CompositeFilter.java:113) ~[spring-web-7.0.7.jar:7.0.7]
	at org.springframework.web.filter.CompositeFilter.doFilter(CompositeFilter.java:74) ~[spring-web-7.0.7.jar:7.0.7]
	at org.springframework.security.config.annotation.web.configuration.WebSecurityConfiguration$CompositeFilterChainProxy.doFilter(WebSecurityConfiguration.java:317) ~[spring-security-config-7.0.5.jar:7.0.5]
	at org.springframework.web.filter.DelegatingFilterProxy.invokeDelegate(DelegatingFilterProxy.java:355) ~[spring-web-7.0.7.jar:7.0.7]
	at org.springframework.web.filter.DelegatingFilterProxy.doFilter(DelegatingFilterProxy.java:272) ~[spring-web-7.0.7.jar:7.0.7]
	at org.apache.catalina.core.ApplicationFilterChain.doFilter(ApplicationFilterChain.java:107) ~[tomcat-embed-core-11.0.21.jar:11.0.21]
	at org.springframework.web.filter.RequestContextFilter.doFilterInternal(RequestContextFilter.java:100) ~[spring-web-7.0.7.jar:7.0.7]
	at org.springframework.web.filter.OncePerRequestFilter.doFilter(OncePerRequestFilter.java:116) ~[spring-web-7.0.7.jar:7.0.7]
	at org.apache.catalina.core.ApplicationFilterChain.doFilter(ApplicationFilterChain.java:107) ~[tomcat-embed-core-11.0.21.jar:11.0.21]
	at org.springframework.web.filter.FormContentFilter.doFilterInternal(FormContentFilter.java:93) ~[spring-web-7.0.7.jar:7.0.7]
	at org.springframework.web.filter.OncePerRequestFilter.doFilter(OncePerRequestFilter.java:116) ~[spring-web-7.0.7.jar:7.0.7]
	at org.apache.catalina.core.ApplicationFilterChain.doFilter(ApplicationFilterChain.java:107) ~[tomcat-embed-core-11.0.21.jar:11.0.21]
	at org.springframework.web.filter.CharacterEncodingFilter.doFilterInternal(CharacterEncodingFilter.java:199) ~[spring-web-7.0.7.jar:7.0.7]
	at org.springframework.web.filter.OncePerRequestFilter.doFilter(OncePerRequestFilter.java:116) ~[spring-web-7.0.7.jar:7.0.7]
	at org.apache.catalina.core.ApplicationFilterChain.doFilter(ApplicationFilterChain.java:107) ~[tomcat-embed-core-11.0.21.jar:11.0.21]
	at org.apache.catalina.core.StandardWrapperValve.invoke(StandardWrapperValve.java:165) ~[tomcat-embed-core-11.0.21.jar:11.0.21]
	at org.apache.catalina.core.StandardContextValve.invoke(StandardContextValve.java:77) ~[tomcat-embed-core-11.0.21.jar:11.0.21]
	at org.apache.catalina.authenticator.AuthenticatorBase.invoke(AuthenticatorBase.java:492) ~[tomcat-embed-core-11.0.21.jar:11.0.21]
	at org.apache.catalina.core.StandardHostValve.invoke(StandardHostValve.java:113) ~[tomcat-embed-core-11.0.21.jar:11.0.21]
	at org.apache.catalina.valves.ErrorReportValve.invoke(ErrorReportValve.java:83) ~[tomcat-embed-core-11.0.21.jar:11.0.21]
	at org.apache.catalina.core.StandardEngineValve.invoke(StandardEngineValve.java:72) ~[tomcat-embed-core-11.0.21.jar:11.0.21]
	at org.apache.catalina.connector.CoyoteAdapter.service(CoyoteAdapter.java:341) ~[tomcat-embed-core-11.0.21.jar:11.0.21]
	at org.apache.coyote.http11.Http11Processor.service(Http11Processor.java:397) ~[tomcat-embed-core-11.0.21.jar:11.0.21]
	at org.apache.coyote.AbstractProcessorLight.process(AbstractProcessorLight.java:63) ~[tomcat-embed-core-11.0.21.jar:11.0.21]
	at org.apache.coyote.AbstractProtocol$ConnectionHandler.process(AbstractProtocol.java:903) ~[tomcat-embed-core-11.0.21.jar:11.0.21]
	at org.apache.tomcat.util.net.NioEndpoint$SocketProcessor.doRun(NioEndpoint.java:1801) ~[tomcat-embed-core-11.0.21.jar:11.0.21]
	at org.apache.tomcat.util.net.SocketProcessorBase.run(SocketProcessorBase.java:52) ~[tomcat-embed-core-11.0.21.jar:11.0.21]
	at org.apache.tomcat.util.threads.ThreadPoolExecutor.runWorker(ThreadPoolExecutor.java:946) ~[tomcat-embed-core-11.0.21.jar:11.0.21]
	at org.apache.tomcat.util.threads.ThreadPoolExecutor$Worker.run(ThreadPoolExecutor.java:480) ~[tomcat-embed-core-11.0.21.jar:11.0.21]
	at org.apache.tomcat.util.threads.TaskThread$WrappingRunnable.run(TaskThread.java:57) ~[tomcat-embed-core-11.0.21.jar:11.0.21]
	at java.base/java.lang.Thread.run(Thread.java:1583) ~[na:na]

Hibernate: 
    select
        gu1_0.id,
        gu1_0.account_type,
        gu1_0.created_at,
        gu1_0.email,
        gu1_0.name,
        gu1_0.password 
    from
        global_user gu1_0 
    where
        gu1_0.email=?
Hibernate: 
    select
        gu1_0.id,
        gu1_0.account_type,
        gu1_0.created_at,
        gu1_0.email,
        gu1_0.name,
        gu1_0.password 
    from
        global_user gu1_0 
    where
        gu1_0.email=?
Hibernate: 
    select
        m1_0.id,
        m1_0.description,
        m1_0.farm_id,
        m1_0.scheduled_date,
        m1_0.status,
        m1_0.tank_id 
    from
        maintenance m1_0 
    where
        m1_0.farm_id=? 
    fetch
        first ? rows only
Hibernate: 
    select
        ft1_0.id,
        ft1_0.cnpj,
        ft1_0.created_at,
        ft1_0.name,
        ft1_0.owner_id 
    from
        farm_tenant ft1_0 
    where
        ft1_0.owner_id=? 
    fetch
        first ? rows only
Hibernate: 
    select
        gu1_0.id,
        gu1_0.account_type,
        gu1_0.created_at,
        gu1_0.email,
        gu1_0.name,
        gu1_0.password 
    from
        global_user gu1_0 
    where
        gu1_0.email=?
Hibernate: 
    select
        m1_0.id,
        m1_0.description,
        m1_0.farm_id,
        m1_0.scheduled_date,
        m1_0.status,
        m1_0.tank_id 
    from
        maintenance m1_0 
    where
        m1_0.id=? 
        and m1_0.farm_id=?
Hibernate: 
    update
        maintenance 
    set
        description=?,
        farm_id=?,
        scheduled_date=?,
        status=?,
        tank_id=? 
    where
        id=?
2026-05-29T21:17:29.200-03:00  WARN 325758 --- [aquasertao-api] [nio-8081-exec-9] org.hibernate.orm.jdbc.error             : HHH000247: ErrorCode: 0, SQLState: 23502
2026-05-29T21:17:29.200-03:00  WARN 325758 --- [aquasertao-api] [nio-8081-exec-9] org.hibernate.orm.jdbc.error             : ERROR: null value in column "tank_id" of relation "maintenance" violates not-null constraint
  Detalhe: Failing row contains (b7a1470e-9ffd-469c-9b16-ca7b7e2290aa, 55555555-5555-5555-5555-555555555555, null, Inspeção estrutural da lona, CANCELLED, 2026-05-24).
2026-05-29T21:17:29.206-03:00 ERROR 325758 --- [aquasertao-api] [nio-8081-exec-9] o.a.c.c.C.[.[.[/].[dispatcherServlet]    : Servlet.service() for servlet [dispatcherServlet] in context with path [] threw exception [Request processing failed: org.springframework.dao.DataIntegrityViolationException: could not execute statement [ERROR: null value in column "tank_id" of relation "maintenance" violates not-null constraint
  Detalhe: Failing row contains (b7a1470e-9ffd-469c-9b16-ca7b7e2290aa, 55555555-5555-5555-5555-555555555555, null, Inspeção estrutural da lona, CANCELLED, 2026-05-24).] [update maintenance set description=?,farm_id=?,scheduled_date=?,status=?,tank_id=? where id=?]; SQL [update maintenance set description=?,farm_id=?,scheduled_date=?,status=?,tank_id=? where id=?]; constraint [tank_id]] with root cause

org.postgresql.util.PSQLException: ERROR: null value in column "tank_id" of relation "maintenance" violates not-null constraint
  Detalhe: Failing row contains (b7a1470e-9ffd-469c-9b16-ca7b7e2290aa, 55555555-5555-5555-5555-555555555555, null, Inspeção estrutural da lona, CANCELLED, 2026-05-24).
	at org.postgresql.core.v3.QueryExecutorImpl.receiveErrorResponse(QueryExecutorImpl.java:2875) ~[postgresql-42.7.10.jar:42.7.10]
	at org.postgresql.core.v3.QueryExecutorImpl.processResults(QueryExecutorImpl.java:2560) ~[postgresql-42.7.10.jar:42.7.10]
	at org.postgresql.core.v3.QueryExecutorImpl.execute(QueryExecutorImpl.java:429) ~[postgresql-42.7.10.jar:42.7.10]
	at org.postgresql.jdbc.PgStatement.executeInternal(PgStatement.java:526) ~[postgresql-42.7.10.jar:42.7.10]
	at org.postgresql.jdbc.PgStatement.execute(PgStatement.java:436) ~[postgresql-42.7.10.jar:42.7.10]
	at org.postgresql.jdbc.PgPreparedStatement.executeWithFlags(PgPreparedStatement.java:196) ~[postgresql-42.7.10.jar:42.7.10]
	at org.postgresql.jdbc.PgPreparedStatement.executeUpdate(PgPreparedStatement.java:157) ~[postgresql-42.7.10.jar:42.7.10]
	at com.zaxxer.hikari.pool.ProxyPreparedStatement.executeUpdate(ProxyPreparedStatement.java:61) ~[HikariCP-7.0.2.jar:na]
	at com.zaxxer.hikari.pool.HikariProxyPreparedStatement.executeUpdate(HikariProxyPreparedStatement.java) ~[HikariCP-7.0.2.jar:na]
	at org.hibernate.engine.jdbc.internal.ResultSetReturnImpl.executeUpdate(ResultSetReturnImpl.java:181) ~[hibernate-core-7.2.12.Final.jar:7.2.12.Final]
	at org.hibernate.engine.jdbc.mutation.internal.AbstractMutationExecutor.performNonBatchedMutation(AbstractMutationExecutor.java:145) ~[hibernate-core-7.2.12.Final.jar:7.2.12.Final]
	at org.hibernate.engine.jdbc.mutation.internal.MutationExecutorSingleNonBatched.performNonBatchedOperations(MutationExecutorSingleNonBatched.java:53) ~[hibernate-core-7.2.12.Final.jar:7.2.12.Final]
	at org.hibernate.engine.jdbc.mutation.internal.AbstractMutationExecutor.execute(AbstractMutationExecutor.java:66) ~[hibernate-core-7.2.12.Final.jar:7.2.12.Final]
	at org.hibernate.persister.entity.mutation.UpdateCoordinatorStandard.doStaticUpdate(UpdateCoordinatorStandard.java:805) ~[hibernate-core-7.2.12.Final.jar:7.2.12.Final]
	at org.hibernate.persister.entity.mutation.UpdateCoordinatorStandard.performUpdate(UpdateCoordinatorStandard.java:322) ~[hibernate-core-7.2.12.Final.jar:7.2.12.Final]
	at org.hibernate.persister.entity.mutation.UpdateCoordinatorStandard.update(UpdateCoordinatorStandard.java:240) ~[hibernate-core-7.2.12.Final.jar:7.2.12.Final]
	at org.hibernate.action.internal.EntityUpdateAction.execute(EntityUpdateAction.java:161) ~[hibernate-core-7.2.12.Final.jar:7.2.12.Final]
	at org.hibernate.engine.spi.ActionQueue.executeActions(ActionQueue.java:634) ~[hibernate-core-7.2.12.Final.jar:7.2.12.Final]
	at org.hibernate.engine.spi.ActionQueue.executeActions(ActionQueue.java:505) ~[hibernate-core-7.2.12.Final.jar:7.2.12.Final]
	at org.hibernate.event.internal.AbstractFlushingEventListener.performExecutions(AbstractFlushingEventListener.java:381) ~[hibernate-core-7.2.12.Final.jar:7.2.12.Final]
	at org.hibernate.event.internal.DefaultFlushEventListener.onFlush(DefaultFlushEventListener.java:40) ~[hibernate-core-7.2.12.Final.jar:7.2.12.Final]
	at org.hibernate.event.service.internal.EventListenerGroupImpl.fireEventOnEachListener(EventListenerGroupImpl.java:138) ~[hibernate-core-7.2.12.Final.jar:7.2.12.Final]
	at org.hibernate.internal.SessionImpl.fireFlush(SessionImpl.java:1484) ~[hibernate-core-7.2.12.Final.jar:7.2.12.Final]
	at org.hibernate.internal.SessionImpl.managedFlush(SessionImpl.java:481) ~[hibernate-core-7.2.12.Final.jar:7.2.12.Final]
	at org.hibernate.internal.SessionImpl.flushBeforeTransactionCompletion(SessionImpl.java:2111) ~[hibernate-core-7.2.12.Final.jar:7.2.12.Final]
	at org.hibernate.internal.SessionImpl.beforeTransactionCompletion(SessionImpl.java:2033) ~[hibernate-core-7.2.12.Final.jar:7.2.12.Final]
	at org.hibernate.engine.jdbc.internal.JdbcCoordinatorImpl.beforeTransactionCompletion(JdbcCoordinatorImpl.java:410) ~[hibernate-core-7.2.12.Final.jar:7.2.12.Final]
	at org.hibernate.resource.transaction.backend.jdbc.internal.JdbcResourceLocalTransactionCoordinatorImpl.beforeCompletionCallback(JdbcResourceLocalTransactionCoordinatorImpl.java:166) ~[hibernate-core-7.2.12.Final.jar:7.2.12.Final]
	at org.hibernate.resource.transaction.backend.jdbc.internal.JdbcResourceLocalTransactionCoordinatorImpl$TransactionDriverControlImpl.commitNoRollbackOnly(JdbcResourceLocalTransactionCoordinatorImpl.java:248) ~[hibernate-core-7.2.12.Final.jar:7.2.12.Final]
	at org.hibernate.resource.transaction.backend.jdbc.internal.JdbcResourceLocalTransactionCoordinatorImpl$TransactionDriverControlImpl.commit(JdbcResourceLocalTransactionCoordinatorImpl.java:242) ~[hibernate-core-7.2.12.Final.jar:7.2.12.Final]
	at org.hibernate.engine.transaction.internal.TransactionImpl.commit(TransactionImpl.java:89) ~[hibernate-core-7.2.12.Final.jar:7.2.12.Final]
	at org.springframework.orm.jpa.JpaTransactionManager.doCommit(JpaTransactionManager.java:553) ~[spring-orm-7.0.7.jar:7.0.7]
	at org.springframework.transaction.support.AbstractPlatformTransactionManager.processCommit(AbstractPlatformTransactionManager.java:794) ~[spring-tx-7.0.7.jar:7.0.7]
	at org.springframework.transaction.support.AbstractPlatformTransactionManager.commit(AbstractPlatformTransactionManager.java:757) ~[spring-tx-7.0.7.jar:7.0.7]
	at org.springframework.transaction.interceptor.TransactionAspectSupport.commitTransactionAfterReturning(TransactionAspectSupport.java:687) ~[spring-tx-7.0.7.jar:7.0.7]
	at org.springframework.transaction.interceptor.TransactionAspectSupport.invokeWithinTransaction(TransactionAspectSupport.java:408) ~[spring-tx-7.0.7.jar:7.0.7]
	at org.springframework.transaction.interceptor.TransactionInterceptor.invoke(TransactionInterceptor.java:130) ~[spring-tx-7.0.7.jar:7.0.7]
	at org.springframework.aop.framework.ReflectiveMethodInvocation.proceed(ReflectiveMethodInvocation.java:179) ~[spring-aop-7.0.7.jar:7.0.7]
	at org.springframework.dao.support.PersistenceExceptionTranslationInterceptor.invoke(PersistenceExceptionTranslationInterceptor.java:135) ~[spring-tx-7.0.7.jar:7.0.7]
	at org.springframework.aop.framework.ReflectiveMethodInvocation.proceed(ReflectiveMethodInvocation.java:179) ~[spring-aop-7.0.7.jar:7.0.7]
	at org.springframework.data.jpa.repository.support.CrudMethodMetadataPostProcessor$CrudMethodMetadataPopulatingMethodInterceptor.invoke(CrudMethodMetadataPostProcessor.java:166) ~[spring-data-jpa-4.0.5.jar:4.0.5]
	at org.springframework.aop.framework.ReflectiveMethodInvocation.proceed(ReflectiveMethodInvocation.java:179) ~[spring-aop-7.0.7.jar:7.0.7]
	at org.springframework.aop.framework.JdkDynamicAopProxy.invoke(JdkDynamicAopProxy.java:222) ~[spring-aop-7.0.7.jar:7.0.7]
	at jdk.proxy2/jdk.proxy2.$Proxy166.save(Unknown Source) ~[na:na]
	at com.aquasertao.api.modules.operational.services.MaintenanceService.updateMaintenance(MaintenanceService.java:53) ~[classes/:na]
	at com.aquasertao.api.modules.operational.controllers.MaintenanceController.updateMaintenance(MaintenanceController.java:47) ~[classes/:na]
	at java.base/jdk.internal.reflect.DirectMethodHandleAccessor.invoke(DirectMethodHandleAccessor.java:103) ~[na:na]
	at java.base/java.lang.reflect.Method.invoke(Method.java:580) ~[na:na]
	at org.springframework.web.method.support.InvocableHandlerMethod.doInvoke(InvocableHandlerMethod.java:252) ~[spring-web-7.0.7.jar:7.0.7]
	at org.springframework.web.method.support.InvocableHandlerMethod.invokeForRequest(InvocableHandlerMethod.java:184) ~[spring-web-7.0.7.jar:7.0.7]
	at org.springframework.web.servlet.mvc.method.annotation.ServletInvocableHandlerMethod.invokeAndHandle(ServletInvocableHandlerMethod.java:117) ~[spring-webmvc-7.0.7.jar:7.0.7]
	at org.springframework.web.servlet.mvc.method.annotation.RequestMappingHandlerAdapter.invokeHandlerMethod(RequestMappingHandlerAdapter.java:934) ~[spring-webmvc-7.0.7.jar:7.0.7]
	at org.springframework.web.servlet.mvc.method.annotation.RequestMappingHandlerAdapter.handleInternal(RequestMappingHandlerAdapter.java:853) ~[spring-webmvc-7.0.7.jar:7.0.7]
	at org.springframework.web.servlet.mvc.method.AbstractHandlerMethodAdapter.handle(AbstractHandlerMethodAdapter.java:86) ~[spring-webmvc-7.0.7.jar:7.0.7]
	at org.springframework.web.servlet.DispatcherServlet.doDispatch(DispatcherServlet.java:963) ~[spring-webmvc-7.0.7.jar:7.0.7]
	at org.springframework.web.servlet.DispatcherServlet.doService(DispatcherServlet.java:866) ~[spring-webmvc-7.0.7.jar:7.0.7]
	at org.springframework.web.servlet.FrameworkServlet.processRequest(FrameworkServlet.java:1000) ~[spring-webmvc-7.0.7.jar:7.0.7]
	at org.springframework.web.servlet.FrameworkServlet.doPut(FrameworkServlet.java:914) ~[spring-webmvc-7.0.7.jar:7.0.7]
	at jakarta.servlet.http.HttpServlet.service(HttpServlet.java:650) ~[tomcat-embed-core-11.0.21.jar:6.1]
	at org.springframework.web.servlet.FrameworkServlet.service(FrameworkServlet.java:874) ~[spring-webmvc-7.0.7.jar:7.0.7]
	at jakarta.servlet.http.HttpServlet.service(HttpServlet.java:710) ~[tomcat-embed-core-11.0.21.jar:6.1]
	at org.apache.catalina.core.ApplicationFilterChain.doFilter(ApplicationFilterChain.java:128) ~[tomcat-embed-core-11.0.21.jar:11.0.21]
	at org.apache.tomcat.websocket.server.WsFilter.doFilter(WsFilter.java:53) ~[tomcat-embed-websocket-11.0.21.jar:11.0.21]
	at org.apache.catalina.core.ApplicationFilterChain.doFilter(ApplicationFilterChain.java:107) ~[tomcat-embed-core-11.0.21.jar:11.0.21]
	at org.springframework.web.filter.OncePerRequestFilter.doFilter(OncePerRequestFilter.java:110) ~[spring-web-7.0.7.jar:7.0.7]
	at org.apache.catalina.core.ApplicationFilterChain.doFilter(ApplicationFilterChain.java:107) ~[tomcat-embed-core-11.0.21.jar:11.0.21]
	at org.springframework.web.filter.CompositeFilter$VirtualFilterChain.doFilter(CompositeFilter.java:108) ~[spring-web-7.0.7.jar:7.0.7]
	at org.springframework.security.web.FilterChainProxy.lambda$doFilterInternal$3(FilterChainProxy.java:235) ~[spring-security-web-7.0.5.jar:7.0.5]
	at org.springframework.security.web.FilterChainProxy$VirtualFilterChain.doFilter(FilterChainProxy.java:376) ~[spring-security-web-7.0.5.jar:7.0.5]
	at org.springframework.security.web.access.intercept.AuthorizationFilter.doFilter(AuthorizationFilter.java:101) ~[spring-security-web-7.0.5.jar:7.0.5]
	at org.springframework.security.web.FilterChainProxy$VirtualFilterChain.doFilter(FilterChainProxy.java:385) ~[spring-security-web-7.0.5.jar:7.0.5]
	at org.springframework.security.web.access.ExceptionTranslationFilter.doFilter(ExceptionTranslationFilter.java:126) ~[spring-security-web-7.0.5.jar:7.0.5]
	at org.springframework.security.web.access.ExceptionTranslationFilter.doFilter(ExceptionTranslationFilter.java:120) ~[spring-security-web-7.0.5.jar:7.0.5]
	at org.springframework.security.web.FilterChainProxy$VirtualFilterChain.doFilter(FilterChainProxy.java:385) ~[spring-security-web-7.0.5.jar:7.0.5]
	at org.springframework.security.web.session.SessionManagementFilter.doFilter(SessionManagementFilter.java:132) ~[spring-security-web-7.0.5.jar:7.0.5]
	at org.springframework.security.web.session.SessionManagementFilter.doFilter(SessionManagementFilter.java:86) ~[spring-security-web-7.0.5.jar:7.0.5]
	at org.springframework.security.web.FilterChainProxy$VirtualFilterChain.doFilter(FilterChainProxy.java:385) ~[spring-security-web-7.0.5.jar:7.0.5]
	at org.springframework.security.web.authentication.AnonymousAuthenticationFilter.doFilter(AnonymousAuthenticationFilter.java:100) ~[spring-security-web-7.0.5.jar:7.0.5]
	at org.springframework.security.web.FilterChainProxy$VirtualFilterChain.doFilter(FilterChainProxy.java:385) ~[spring-security-web-7.0.5.jar:7.0.5]
	at org.springframework.security.web.servletapi.SecurityContextHolderAwareRequestFilter.doFilter(SecurityContextHolderAwareRequestFilter.java:181) ~[spring-security-web-7.0.5.jar:7.0.5]
	at org.springframework.security.web.FilterChainProxy$VirtualFilterChain.doFilter(FilterChainProxy.java:385) ~[spring-security-web-7.0.5.jar:7.0.5]
	at org.springframework.security.web.savedrequest.RequestCacheAwareFilter.doFilter(RequestCacheAwareFilter.java:63) ~[spring-security-web-7.0.5.jar:7.0.5]
	at org.springframework.security.web.FilterChainProxy$VirtualFilterChain.doFilter(FilterChainProxy.java:385) ~[spring-security-web-7.0.5.jar:7.0.5]
	at com.aquasertao.api.modules.core.security.JwtAuthenticationFilter.doFilterInternal(JwtAuthenticationFilter.java:60) ~[classes/:na]
	at org.springframework.web.filter.OncePerRequestFilter.doFilter(OncePerRequestFilter.java:116) ~[spring-web-7.0.7.jar:7.0.7]
	at org.springframework.security.web.FilterChainProxy$VirtualFilterChain.doFilter(FilterChainProxy.java:385) ~[spring-security-web-7.0.5.jar:7.0.5]
	at org.springframework.security.web.authentication.logout.LogoutFilter.doFilter(LogoutFilter.java:110) ~[spring-security-web-7.0.5.jar:7.0.5]
	at org.springframework.security.web.authentication.logout.LogoutFilter.doFilter(LogoutFilter.java:96) ~[spring-security-web-7.0.5.jar:7.0.5]
	at org.springframework.security.web.FilterChainProxy$VirtualFilterChain.doFilter(FilterChainProxy.java:385) ~[spring-security-web-7.0.5.jar:7.0.5]
	at org.springframework.web.filter.CorsFilter.doFilterInternal(CorsFilter.java:91) ~[spring-web-7.0.7.jar:7.0.7]
	at org.springframework.web.filter.OncePerRequestFilter.doFilter(OncePerRequestFilter.java:116) ~[spring-web-7.0.7.jar:7.0.7]
	at org.springframework.security.web.FilterChainProxy$VirtualFilterChain.doFilter(FilterChainProxy.java:385) ~[spring-security-web-7.0.5.jar:7.0.5]
	at org.springframework.security.web.header.HeaderWriterFilter.doHeadersAfter(HeaderWriterFilter.java:90) ~[spring-security-web-7.0.5.jar:7.0.5]
	at org.springframework.security.web.header.HeaderWriterFilter.doFilterInternal(HeaderWriterFilter.java:75) ~[spring-security-web-7.0.5.jar:7.0.5]
	at org.springframework.web.filter.OncePerRequestFilter.doFilter(OncePerRequestFilter.java:116) ~[spring-web-7.0.7.jar:7.0.7]
	at org.springframework.security.web.FilterChainProxy$VirtualFilterChain.doFilter(FilterChainProxy.java:385) ~[spring-security-web-7.0.5.jar:7.0.5]
	at org.springframework.security.web.context.SecurityContextHolderFilter.doFilter(SecurityContextHolderFilter.java:82) ~[spring-security-web-7.0.5.jar:7.0.5]
	at org.springframework.security.web.context.SecurityContextHolderFilter.doFilter(SecurityContextHolderFilter.java:69) ~[spring-security-web-7.0.5.jar:7.0.5]
	at org.springframework.security.web.FilterChainProxy$VirtualFilterChain.doFilter(FilterChainProxy.java:385) ~[spring-security-web-7.0.5.jar:7.0.5]
	at org.springframework.security.web.context.request.async.WebAsyncManagerIntegrationFilter.doFilterInternal(WebAsyncManagerIntegrationFilter.java:62) ~[spring-security-web-7.0.5.jar:7.0.5]
	at org.springframework.web.filter.OncePerRequestFilter.doFilter(OncePerRequestFilter.java:116) ~[spring-web-7.0.7.jar:7.0.7]
	at org.springframework.security.web.FilterChainProxy$VirtualFilterChain.doFilter(FilterChainProxy.java:385) ~[spring-security-web-7.0.5.jar:7.0.5]
	at org.springframework.security.web.session.DisableEncodeUrlFilter.doFilterInternal(DisableEncodeUrlFilter.java:42) ~[spring-security-web-7.0.5.jar:7.0.5]
	at org.springframework.web.filter.OncePerRequestFilter.doFilter(OncePerRequestFilter.java:116) ~[spring-web-7.0.7.jar:7.0.7]
	at org.springframework.security.web.FilterChainProxy$VirtualFilterChain.doFilter(FilterChainProxy.java:385) ~[spring-security-web-7.0.5.jar:7.0.5]
	at org.springframework.security.web.FilterChainProxy.doFilterInternal(FilterChainProxy.java:237) ~[spring-security-web-7.0.5.jar:7.0.5]
	at org.springframework.security.web.FilterChainProxy.doFilter(FilterChainProxy.java:195) ~[spring-security-web-7.0.5.jar:7.0.5]
	at org.springframework.web.filter.CompositeFilter$VirtualFilterChain.doFilter(CompositeFilter.java:113) ~[spring-web-7.0.7.jar:7.0.7]
	at org.springframework.web.filter.ServletRequestPathFilter.doFilter(ServletRequestPathFilter.java:52) ~[spring-web-7.0.7.jar:7.0.7]
	at org.springframework.web.filter.CompositeFilter$VirtualFilterChain.doFilter(CompositeFilter.java:113) ~[spring-web-7.0.7.jar:7.0.7]
	at org.springframework.web.filter.CompositeFilter.doFilter(CompositeFilter.java:74) ~[spring-web-7.0.7.jar:7.0.7]
	at org.springframework.security.config.annotation.web.configuration.WebSecurityConfiguration$CompositeFilterChainProxy.doFilter(WebSecurityConfiguration.java:317) ~[spring-security-config-7.0.5.jar:7.0.5]
	at org.springframework.web.filter.DelegatingFilterProxy.invokeDelegate(DelegatingFilterProxy.java:355) ~[spring-web-7.0.7.jar:7.0.7]
	at org.springframework.web.filter.DelegatingFilterProxy.doFilter(DelegatingFilterProxy.java:272) ~[spring-web-7.0.7.jar:7.0.7]
	at org.apache.catalina.core.ApplicationFilterChain.doFilter(ApplicationFilterChain.java:107) ~[tomcat-embed-core-11.0.21.jar:11.0.21]
	at org.springframework.web.filter.RequestContextFilter.doFilterInternal(RequestContextFilter.java:100) ~[spring-web-7.0.7.jar:7.0.7]
	at org.springframework.web.filter.OncePerRequestFilter.doFilter(OncePerRequestFilter.java:116) ~[spring-web-7.0.7.jar:7.0.7]
	at org.apache.catalina.core.ApplicationFilterChain.doFilter(ApplicationFilterChain.java:107) ~[tomcat-embed-core-11.0.21.jar:11.0.21]
	at org.springframework.web.filter.FormContentFilter.doFilterInternal(FormContentFilter.java:93) ~[spring-web-7.0.7.jar:7.0.7]
	at org.springframework.web.filter.OncePerRequestFilter.doFilter(OncePerRequestFilter.java:116) ~[spring-web-7.0.7.jar:7.0.7]
	at org.apache.catalina.core.ApplicationFilterChain.doFilter(ApplicationFilterChain.java:107) ~[tomcat-embed-core-11.0.21.jar:11.0.21]
	at org.springframework.web.filter.CharacterEncodingFilter.doFilterInternal(CharacterEncodingFilter.java:199) ~[spring-web-7.0.7.jar:7.0.7]
	at org.springframework.web.filter.OncePerRequestFilter.doFilter(OncePerRequestFilter.java:116) ~[spring-web-7.0.7.jar:7.0.7]
	at org.apache.catalina.core.ApplicationFilterChain.doFilter(ApplicationFilterChain.java:107) ~[tomcat-embed-core-11.0.21.jar:11.0.21]
	at org.apache.catalina.core.StandardWrapperValve.invoke(StandardWrapperValve.java:165) ~[tomcat-embed-core-11.0.21.jar:11.0.21]
	at org.apache.catalina.core.StandardContextValve.invoke(StandardContextValve.java:77) ~[tomcat-embed-core-11.0.21.jar:11.0.21]
	at org.apache.catalina.authenticator.AuthenticatorBase.invoke(AuthenticatorBase.java:492) ~[tomcat-embed-core-11.0.21.jar:11.0.21]
	at org.apache.catalina.core.StandardHostValve.invoke(StandardHostValve.java:113) ~[tomcat-embed-core-11.0.21.jar:11.0.21]
	at org.apache.catalina.valves.ErrorReportValve.invoke(ErrorReportValve.java:83) ~[tomcat-embed-core-11.0.21.jar:11.0.21]
	at org.apache.catalina.core.StandardEngineValve.invoke(StandardEngineValve.java:72) ~[tomcat-embed-core-11.0.21.jar:11.0.21]
	at org.apache.catalina.connector.CoyoteAdapter.service(CoyoteAdapter.java:341) ~[tomcat-embed-core-11.0.21.jar:11.0.21]
	at org.apache.coyote.http11.Http11Processor.service(Http11Processor.java:397) ~[tomcat-embed-core-11.0.21.jar:11.0.21]
	at org.apache.coyote.AbstractProcessorLight.process(AbstractProcessorLight.java:63) ~[tomcat-embed-core-11.0.21.jar:11.0.21]
	at org.apache.coyote.AbstractProtocol$ConnectionHandler.process(AbstractProtocol.java:903) ~[tomcat-embed-core-11.0.21.jar:11.0.21]
	at org.apache.tomcat.util.net.NioEndpoint$SocketProcessor.doRun(NioEndpoint.java:1801) ~[tomcat-embed-core-11.0.21.jar:11.0.21]
	at org.apache.tomcat.util.net.SocketProcessorBase.run(SocketProcessorBase.java:52) ~[tomcat-embed-core-11.0.21.jar:11.0.21]
	at org.apache.tomcat.util.threads.ThreadPoolExecutor.runWorker(ThreadPoolExecutor.java:946) ~[tomcat-embed-core-11.0.21.jar:11.0.21]
	at org.apache.tomcat.util.threads.ThreadPoolExecutor$Worker.run(ThreadPoolExecutor.java:480) ~[tomcat-embed-core-11.0.21.jar:11.0.21]
	at org.apache.tomcat.util.threads.TaskThread$WrappingRunnable.run(TaskThread.java:57) ~[tomcat-embed-core-11.0.21.jar:11.0.21]
	at java.base/java.lang.Thread.run(Thread.java:1583) ~[na:na]

Hibernate: 
    select
        gu1_0.id,
        gu1_0.account_type,
        gu1_0.created_at,
        gu1_0.email,
        gu1_0.name,
        gu1_0.password 
    from
        global_user gu1_0 
    where
        gu1_0.email=?
Hibernate: 
    select
        m1_0.id,
        m1_0.description,
        m1_0.farm_id,
        m1_0.scheduled_date,
        m1_0.status,
        m1_0.tank_id 
    from
        maintenance m1_0 
    where
        m1_0.farm_id=? 
    fetch
        first ? rows only
Hibernate: 
    select
        gu1_0.id,
        gu1_0.account_type,
        gu1_0.created_at,
        gu1_0.email,
        gu1_0.name,
        gu1_0.password 
    from
        global_user gu1_0 
    where
        gu1_0.email=?
Hibernate: 
    select
        gu1_0.id,
        gu1_0.account_type,
        gu1_0.created_at,
        gu1_0.email,
        gu1_0.name,
        gu1_0.password 
    from
        global_user gu1_0 
    where
        gu1_0.email=?
Hibernate: 
    select
        ft1_0.id,
        ft1_0.cnpj,
        ft1_0.created_at,
        ft1_0.name,
        ft1_0.owner_id 
    from
        farm_tenant ft1_0 
    where
        ft1_0.owner_id=? 
    fetch
        first ? rows only
Hibernate: 
    select
        m1_0.id,
        m1_0.description,
        m1_0.farm_id,
        m1_0.scheduled_date,
        m1_0.status,
        m1_0.tank_id 
    from
        maintenance m1_0 
    where
        m1_0.farm_id=? 
    fetch
        first ? rows only
Hibernate: 
    select
        gu1_0.id,
        gu1_0.account_type,
        gu1_0.created_at,
        gu1_0.email,
        gu1_0.name,
        gu1_0.password 
    from
        global_user gu1_0 
    where
        gu1_0.email=?
Hibernate: 
    select
        m1_0.id,
        m1_0.description,
        m1_0.farm_id,
        m1_0.scheduled_date,
        m1_0.status,
        m1_0.tank_id 
    from
        maintenance m1_0 
    where
        m1_0.id=? 
        and m1_0.farm_id=?
Hibernate: 
    update
        maintenance 
    set
        description=?,
        farm_id=?,
        scheduled_date=?,
        status=?,
        tank_id=? 
    where
        id=?
Hibernate: 
    select
        gu1_0.id,
        gu1_0.account_type,
        gu1_0.created_at,
        gu1_0.email,
        gu1_0.name,
        gu1_0.password 
    from
        global_user gu1_0 
    where
        gu1_0.email=?
Hibernate: 
    select
        t1_0.id,
        t1_0.average_weight_g,
        t1_0.farm_id,
        t1_0.fish_capacity,
        t1_0.fish_species,
        t1_0.mortality_count,
        t1_0.name,
        t1_0.next_harvest_date,
        t1_0.status 
    from
        tank t1_0 
    where
        t1_0.farm_id=? 
    fetch
        first ? rows only
Hibernate: 
    select
        gu1_0.id,
        gu1_0.account_type,
        gu1_0.created_at,
        gu1_0.email,
        gu1_0.name,
        gu1_0.password 
    from
        global_user gu1_0 
    where
        gu1_0.email=?
Hibernate: 
    insert 
    into
        maintenance
        (description, farm_id, scheduled_date, status, tank_id, id) 
    values
        (?, ?, ?, ?, ?, ?)
Hibernate: 
    select
        gu1_0.id,
        gu1_0.account_type,
        gu1_0.created_at,
        gu1_0.email,
        gu1_0.name,
        gu1_0.password 
    from
        global_user gu1_0 
    where
        gu1_0.email=?
Hibernate: 
    select
        m1_0.id,
        m1_0.description,
        m1_0.farm_id,
        m1_0.scheduled_date,
        m1_0.status,
        m1_0.tank_id 
    from
        maintenance m1_0 
    where
        m1_0.id=? 
        and m1_0.farm_id=?
Hibernate: 
    update
        maintenance 
    set
        description=?,
        farm_id=?,
        scheduled_date=?,
        status=?,
        tank_id=? 
    where
        id=?
Hibernate: 
    select
        gu1_0.id,
        gu1_0.account_type,
        gu1_0.created_at,
        gu1_0.email,
        gu1_0.name,
        gu1_0.password 
    from
        global_user gu1_0 
    where
        gu1_0.email=?
Hibernate: 
    select
        wq1_0.id,
        wq1_0.dissolved_oxygen,
        wq1_0.farm_id,
        wq1_0.measurement_time,
        wq1_0.ph,
        wq1_0.tank_id,
        wq1_0.temperature 
    from
        water_quality wq1_0 
    where
        wq1_0.farm_id=? 
    fetch
        first ? rows only
Hibernate: 
    select
        gu1_0.id,
        gu1_0.account_type,
        gu1_0.created_at,
        gu1_0.email,
        gu1_0.name,
        gu1_0.password 
    from
        global_user gu1_0 
    where
        gu1_0.email=?
Hibernate: 
    select
        gu1_0.id,
        gu1_0.account_type,
        gu1_0.created_at,
        gu1_0.email,
        gu1_0.name,
        gu1_0.password 
    from
        global_user gu1_0 
    where
        gu1_0.email=?
Hibernate: 
    select
        t1_0.id,
        t1_0.average_weight_g,
        t1_0.farm_id,
        t1_0.fish_capacity,
        t1_0.fish_species,
        t1_0.mortality_count,
        t1_0.name,
        t1_0.next_harvest_date,
        t1_0.status 
    from
        tank t1_0 
    where
        t1_0.farm_id=?
Hibernate: 
    select
        gu1_0.id,
        gu1_0.account_type,
        gu1_0.created_at,
        gu1_0.email,
        gu1_0.name,
        gu1_0.password 
    from
        global_user gu1_0 
    where
        gu1_0.email=?
Hibernate: 
    select
        gu1_0.id,
        gu1_0.account_type,
        gu1_0.created_at,
        gu1_0.email,
        gu1_0.name,
        gu1_0.password 
    from
        global_user gu1_0 
    where
        gu1_0.email=?
Hibernate: 
    select
        gu1_0.id,
        gu1_0.account_type,
        gu1_0.created_at,
        gu1_0.email,
        gu1_0.name,
        gu1_0.password 
    from
        global_user gu1_0 
    where
        gu1_0.email=?
Hibernate: 
    select
        fr1_0.id,
        fr1_0.farm_id,
        fr1_0.feed_id,
        fr1_0.feeding_time,
        fr1_0.quantity,
        fr1_0.tank_id,
        fr1_0.user_id 
    from
        feeding_record fr1_0 
    where
        fr1_0.farm_id=? 
        and fr1_0.feeding_time between ? and ?
Hibernate: 
    select
        t1_0.id,
        t1_0.average_weight_g,
        t1_0.farm_id,
        t1_0.fish_capacity,
        t1_0.fish_species,
        t1_0.mortality_count,
        t1_0.name,
        t1_0.next_harvest_date,
        t1_0.status 
    from
        tank t1_0 
    where
        t1_0.farm_id=? 
    fetch
        first ? rows only
Hibernate: 
    select
        wq1_0.id,
        wq1_0.dissolved_oxygen,
        wq1_0.farm_id,
        wq1_0.measurement_time,
        wq1_0.ph,
        wq1_0.tank_id,
        wq1_0.temperature 
    from
        water_quality wq1_0 
    where
        wq1_0.tank_id=? 
        and wq1_0.farm_id=? 
    order by
        wq1_0.measurement_time desc 
    fetch
        first ? rows only
Hibernate: 
    select
        wq1_0.id,
        wq1_0.dissolved_oxygen,
        wq1_0.farm_id,
        wq1_0.measurement_time,
        wq1_0.ph,
        wq1_0.tank_id,
        wq1_0.temperature 
    from
        water_quality wq1_0 
    where
        wq1_0.tank_id=? 
        and wq1_0.farm_id=? 
    order by
        wq1_0.measurement_time desc 
    fetch
        first ? rows only
Hibernate: 
    select
        wq1_0.id,
        wq1_0.dissolved_oxygen,
        wq1_0.farm_id,
        wq1_0.measurement_time,
        wq1_0.ph,
        wq1_0.tank_id,
        wq1_0.temperature 
    from
        water_quality wq1_0 
    where
        wq1_0.tank_id=? 
        and wq1_0.farm_id=? 
    order by
        wq1_0.measurement_time desc 
    fetch
        first ? rows only
Hibernate: 
    select
        count(m1_0.id) 
    from
        maintenance m1_0 
    where
        m1_0.farm_id=? 
        and m1_0.status=?
Hibernate: 
    select
        gu1_0.id,
        gu1_0.account_type,
        gu1_0.created_at,
        gu1_0.email,
        gu1_0.name,
        gu1_0.password 
    from
        global_user gu1_0 
    where
        gu1_0.email=?
Hibernate: 
    select
        t1_0.id,
        t1_0.average_weight_g,
        t1_0.farm_id,
        t1_0.fish_capacity,
        t1_0.fish_species,
        t1_0.mortality_count,
        t1_0.name,
        t1_0.next_harvest_date,
        t1_0.status 
    from
        tank t1_0 
    where
        t1_0.farm_id=?
Hibernate: 
    select
        fr1_0.id,
        fr1_0.farm_id,
        fr1_0.feed_id,
        fr1_0.feeding_time,
        fr1_0.quantity,
        fr1_0.tank_id,
        fr1_0.user_id 
    from
        feeding_record fr1_0 
    where
        fr1_0.farm_id=? 
        and fr1_0.feeding_time between ? and ?
Hibernate: 
    select
        count(m1_0.id) 
    from
        maintenance m1_0 
    where
        m1_0.farm_id=? 
        and m1_0.status=?
Hibernate: 
    select
        gu1_0.id,
        gu1_0.account_type,
        gu1_0.created_at,
        gu1_0.email,
        gu1_0.name,
        gu1_0.password 
    from
        global_user gu1_0 
    where
        gu1_0.email=?
Hibernate: 
    select
        m1_0.id,
        m1_0.description,
        m1_0.farm_id,
        m1_0.scheduled_date,
        m1_0.status,
        m1_0.tank_id 
    from
        maintenance m1_0 
    where
        m1_0.farm_id=? 
    fetch
        first ? rows only
Hibernate: 
    select
        gu1_0.id,
        gu1_0.account_type,
        gu1_0.created_at,
        gu1_0.email,
        gu1_0.name,
        gu1_0.password 
    from
        global_user gu1_0 
    where
        gu1_0.email=?
Hibernate: 
    select
        ft1_0.id,
        ft1_0.cnpj,
        ft1_0.created_at,
        ft1_0.name,
        ft1_0.owner_id 
    from
        farm_tenant ft1_0 
    where
        ft1_0.owner_id=? 
    fetch
        first ? rows only
Hibernate: 
    select
        gu1_0.id,
        gu1_0.account_type,
        gu1_0.created_at,
        gu1_0.email,
        gu1_0.name,
        gu1_0.password 
    from
        global_user gu1_0 
    where
        gu1_0.email=?
Hibernate: 
    select
        gu1_0.id,
        gu1_0.account_type,
        gu1_0.created_at,
        gu1_0.email,
        gu1_0.name,
        gu1_0.password 
    from
        global_user gu1_0 
    where
        gu1_0.email=?
Hibernate: 
    select
        t1_0.id,
        t1_0.average_weight_g,
        t1_0.farm_id,
        t1_0.fish_capacity,
        t1_0.fish_species,
        t1_0.mortality_count,
        t1_0.name,
        t1_0.next_harvest_date,
        t1_0.status 
    from
        tank t1_0 
    where
        t1_0.farm_id=?
Hibernate: 
    select
        t1_0.id,
        t1_0.average_weight_g,
        t1_0.farm_id,
        t1_0.fish_capacity,
        t1_0.fish_species,
        t1_0.mortality_count,
        t1_0.name,
        t1_0.next_harvest_date,
        t1_0.status 
    from
        tank t1_0 
    where
        t1_0.farm_id=? 
    fetch
        first ? rows only
Hibernate: 
    select
        fr1_0.id,
        fr1_0.farm_id,
        fr1_0.feed_id,
        fr1_0.feeding_time,
        fr1_0.quantity,
        fr1_0.tank_id,
        fr1_0.user_id 
    from
        feeding_record fr1_0 
    where
        fr1_0.farm_id=? 
        and fr1_0.feeding_time between ? and ?
Hibernate: 
    select
        count(m1_0.id) 
    from
        maintenance m1_0 
    where
        m1_0.farm_id=? 
        and m1_0.status=?
Hibernate: 
    select
        gu1_0.id,
        gu1_0.account_type,
        gu1_0.created_at,
        gu1_0.email,
        gu1_0.name,
        gu1_0.password 
    from
        global_user gu1_0 
    where
        gu1_0.email=?
Hibernate: 
    select
        t1_0.id,
        t1_0.average_weight_g,
        t1_0.farm_id,
        t1_0.fish_capacity,
        t1_0.fish_species,
        t1_0.mortality_count,
        t1_0.name,
        t1_0.next_harvest_date,
        t1_0.status 
    from
        tank t1_0 
    where
        t1_0.farm_id=? 
    fetch
        first ? rows only
Hibernate: 
    select
        gu1_0.id,
        gu1_0.account_type,
        gu1_0.created_at,
        gu1_0.email,
        gu1_0.name,
        gu1_0.password 
    from
        global_user gu1_0 
    where
        gu1_0.email=?
Hibernate: 
    select
        t1_0.id,
        t1_0.average_weight_g,
        t1_0.farm_id,
        t1_0.fish_capacity,
        t1_0.fish_species,
        t1_0.mortality_count,
        t1_0.name,
        t1_0.next_harvest_date,
        t1_0.status 
    from
        tank t1_0 
    where
        t1_0.farm_id=?
Hibernate: 
    select
        fr1_0.id,
        fr1_0.farm_id,
        fr1_0.feed_id,
        fr1_0.feeding_time,
        fr1_0.quantity,
        fr1_0.tank_id,
        fr1_0.user_id 
    from
        feeding_record fr1_0 
    where
        fr1_0.farm_id=? 
        and fr1_0.feeding_time between ? and ?
Hibernate: 
    select
        count(m1_0.id) 
    from
        maintenance m1_0 
    where
        m1_0.farm_id=? 
        and m1_0.status=?
Hibernate: 
    select
        gu1_0.id,
        gu1_0.account_type,
        gu1_0.created_at,
        gu1_0.email,
        gu1_0.name,
        gu1_0.password 
    from
        global_user gu1_0 
    where
        gu1_0.email=?
Hibernate: 
    select
        wq1_0.id,
        wq1_0.dissolved_oxygen,
        wq1_0.farm_id,
        wq1_0.measurement_time,
        wq1_0.ph,
        wq1_0.tank_id,
        wq1_0.temperature 
    from
        water_quality wq1_0 
    where
        wq1_0.tank_id=? 
        and wq1_0.farm_id=? 
    order by
        wq1_0.measurement_time desc 
    fetch
        first ? rows only
Hibernate: 
    select
        gu1_0.id,
        gu1_0.account_type,
        gu1_0.created_at,
        gu1_0.email,
        gu1_0.name,
        gu1_0.password 
    from
        global_user gu1_0 
    where
        gu1_0.email=?
Hibernate: 
    select
        wq1_0.id,
        wq1_0.dissolved_oxygen,
        wq1_0.farm_id,
        wq1_0.measurement_time,
        wq1_0.ph,
        wq1_0.tank_id,
        wq1_0.temperature 
    from
        water_quality wq1_0 
    where
        wq1_0.tank_id=? 
        and wq1_0.farm_id=? 
    order by
        wq1_0.measurement_time desc 
    fetch
        first ? rows only
Hibernate: 
    select
        gu1_0.id,
        gu1_0.account_type,
        gu1_0.created_at,
        gu1_0.email,
        gu1_0.name,
        gu1_0.password 
    from
        global_user gu1_0 
    where
        gu1_0.email=?
Hibernate: 
    select
        wq1_0.id,
        wq1_0.dissolved_oxygen,
        wq1_0.farm_id,
        wq1_0.measurement_time,
        wq1_0.ph,
        wq1_0.tank_id,
        wq1_0.temperature 
    from
        water_quality wq1_0 
    where
        wq1_0.tank_id=? 
        and wq1_0.farm_id=? 
    order by
        wq1_0.measurement_time desc 
    fetch
        first ? rows only
Hibernate: 
    select
        gu1_0.id,
        gu1_0.account_type,
        gu1_0.created_at,
        gu1_0.email,
        gu1_0.name,
        gu1_0.password 
    from
        global_user gu1_0 
    where
        gu1_0.email=?
Hibernate: 
    select
        gu1_0.id,
        gu1_0.account_type,
        gu1_0.created_at,
        gu1_0.email,
        gu1_0.name,
        gu1_0.password 
    from
        global_user gu1_0 
    where
        gu1_0.email=?
Hibernate: 
    select
        gu1_0.id,
        gu1_0.account_type,
        gu1_0.created_at,
        gu1_0.email,
        gu1_0.name,
        gu1_0.password 
    from
        global_user gu1_0 
    where
        gu1_0.email=?
Hibernate: 
    select
        wq1_0.id,
        wq1_0.dissolved_oxygen,
        wq1_0.farm_id,
        wq1_0.measurement_time,
        wq1_0.ph,
        wq1_0.tank_id,
        wq1_0.temperature 
    from
        water_quality wq1_0 
    where
        wq1_0.farm_id=? 
    fetch
        first ? rows only
Hibernate: 
    select
        gu1_0.id,
        gu1_0.account_type,
        gu1_0.created_at,
        gu1_0.email,
        gu1_0.name,
        gu1_0.password 
    from
        global_user gu1_0 
    where
        gu1_0.email=?
Hibernate: 
    select
        t1_0.id,
        t1_0.average_weight_g,
        t1_0.farm_id,
        t1_0.fish_capacity,
        t1_0.fish_species,
        t1_0.mortality_count,
        t1_0.name,
        t1_0.next_harvest_date,
        t1_0.status 
    from
        tank t1_0 
    where
        t1_0.farm_id=? 
    fetch
        first ? rows only
Hibernate: 
    select
        gu1_0.id,
        gu1_0.account_type,
        gu1_0.created_at,
        gu1_0.email,
        gu1_0.name,
        gu1_0.password 
    from
        global_user gu1_0 
    where
        gu1_0.email=?
Hibernate: 
    select
        t1_0.id,
        t1_0.average_weight_g,
        t1_0.farm_id,
        t1_0.fish_capacity,
        t1_0.fish_species,
        t1_0.mortality_count,
        t1_0.name,
        t1_0.next_harvest_date,
        t1_0.status 
    from
        tank t1_0 
    where
        t1_0.farm_id=?
Hibernate: 
    select
        fr1_0.id,
        fr1_0.farm_id,
        fr1_0.feed_id,
        fr1_0.feeding_time,
        fr1_0.quantity,
        fr1_0.tank_id,
        fr1_0.user_id 
    from
        feeding_record fr1_0 
    where
        fr1_0.farm_id=? 
        and fr1_0.feeding_time between ? and ?
Hibernate: 
    select
        count(m1_0.id) 
    from
        maintenance m1_0 
    where
        m1_0.farm_id=? 
        and m1_0.status=?
Hibernate: 
    select
        gu1_0.id,
        gu1_0.account_type,
        gu1_0.created_at,
        gu1_0.email,
        gu1_0.name,
        gu1_0.password 
    from
        global_user gu1_0 
    where
        gu1_0.email=?
Hibernate: 
    select
        m1_0.id,
        m1_0.description,
        m1_0.farm_id,
        m1_0.scheduled_date,
        m1_0.status,
        m1_0.tank_id 
    from
        maintenance m1_0 
    where
        m1_0.farm_id=? 
    fetch
        first ? rows only
Hibernate: 
    select
        gu1_0.id,
        gu1_0.account_type,
        gu1_0.created_at,
        gu1_0.email,
        gu1_0.name,
        gu1_0.password 
    from
        global_user gu1_0 
    where
        gu1_0.email=?
Hibernate: 
    select
        gu1_0.id,
        gu1_0.account_type,
        gu1_0.created_at,
        gu1_0.email,
        gu1_0.name,
        gu1_0.password 
    from
        global_user gu1_0 
    where
        gu1_0.email=?
Hibernate: 
    select
        ft1_0.id,
        ft1_0.cnpj,
        ft1_0.created_at,
        ft1_0.name,
        ft1_0.owner_id 
    from
        farm_tenant ft1_0 
    where
        ft1_0.owner_id=? 
    fetch
        first ? rows only
Hibernate: 
    select
        gu1_0.id,
        gu1_0.account_type,
        gu1_0.created_at,
        gu1_0.email,
        gu1_0.name,
        gu1_0.password 
    from
        global_user gu1_0 
    where
        gu1_0.email=?
Hibernate: 
    select
        t1_0.id,
        t1_0.average_weight_g,
        t1_0.farm_id,
        t1_0.fish_capacity,
        t1_0.fish_species,
        t1_0.mortality_count,
        t1_0.name,
        t1_0.next_harvest_date,
        t1_0.status 
    from
        tank t1_0 
    where
        t1_0.farm_id=? 
    fetch
        first ? rows only
Hibernate: 
    select
        t1_0.id,
        t1_0.average_weight_g,
        t1_0.farm_id,
        t1_0.fish_capacity,
        t1_0.fish_species,
        t1_0.mortality_count,
        t1_0.name,
        t1_0.next_harvest_date,
        t1_0.status 
    from
        tank t1_0 
    where
        t1_0.farm_id=?
Hibernate: 
    select
        gu1_0.id,
        gu1_0.account_type,
        gu1_0.created_at,
        gu1_0.email,
        gu1_0.name,
        gu1_0.password 
    from
        global_user gu1_0 
    where
        gu1_0.email=?
Hibernate: 
    select
        fr1_0.id,
        fr1_0.farm_id,
        fr1_0.feed_id,
        fr1_0.feeding_time,
        fr1_0.quantity,
        fr1_0.tank_id,
        fr1_0.user_id 
    from
        feeding_record fr1_0 
    where
        fr1_0.farm_id=? 
        and fr1_0.feeding_time between ? and ?
Hibernate: 
    select
        count(m1_0.id) 
    from
        maintenance m1_0 
    where
        m1_0.farm_id=? 
        and m1_0.status=?
Hibernate: 
    select
        t1_0.id,
        t1_0.average_weight_g,
        t1_0.farm_id,
        t1_0.fish_capacity,
        t1_0.fish_species,
        t1_0.mortality_count,
        t1_0.name,
        t1_0.next_harvest_date,
        t1_0.status 
    from
        tank t1_0 
    where
        t1_0.farm_id=? 
    fetch
        first ? rows only
Hibernate: 
    select
        gu1_0.id,
        gu1_0.account_type,
        gu1_0.created_at,
        gu1_0.email,
        gu1_0.name,
        gu1_0.password 
    from
        global_user gu1_0 
    where
        gu1_0.email=?
Hibernate: 
    select
        wq1_0.id,
        wq1_0.dissolved_oxygen,
        wq1_0.farm_id,
        wq1_0.measurement_time,
        wq1_0.ph,
        wq1_0.tank_id,
        wq1_0.temperature 
    from
        water_quality wq1_0 
    where
        wq1_0.tank_id=? 
        and wq1_0.farm_id=? 
    order by
        wq1_0.measurement_time desc 
    fetch
        first ? rows only
Hibernate: 
    select
        gu1_0.id,
        gu1_0.account_type,
        gu1_0.created_at,
        gu1_0.email,
        gu1_0.name,
        gu1_0.password 
    from
        global_user gu1_0 
    where
        gu1_0.email=?
Hibernate: 
    select
        gu1_0.id,
        gu1_0.account_type,
        gu1_0.created_at,
        gu1_0.email,
        gu1_0.name,
        gu1_0.password 
    from
        global_user gu1_0 
    where
        gu1_0.email=?
Hibernate: 
    select
        gu1_0.id,
        gu1_0.account_type,
        gu1_0.created_at,
        gu1_0.email,
        gu1_0.name,
        gu1_0.password 
    from
        global_user gu1_0 
    where
        gu1_0.email=?
Hibernate: 
    select
        t1_0.id,
        t1_0.average_weight_g,
        t1_0.farm_id,
        t1_0.fish_capacity,
        t1_0.fish_species,
        t1_0.mortality_count,
        t1_0.name,
        t1_0.next_harvest_date,
        t1_0.status 
    from
        tank t1_0 
    where
        t1_0.farm_id=?
Hibernate: 
    select
        wq1_0.id,
        wq1_0.dissolved_oxygen,
        wq1_0.farm_id,
        wq1_0.measurement_time,
        wq1_0.ph,
        wq1_0.tank_id,
        wq1_0.temperature 
    from
        water_quality wq1_0 
    where
        wq1_0.tank_id=? 
        and wq1_0.farm_id=? 
    order by
        wq1_0.measurement_time desc 
    fetch
        first ? rows only
Hibernate: 
    select
        fr1_0.id,
        fr1_0.farm_id,
        fr1_0.feed_id,
        fr1_0.feeding_time,
        fr1_0.quantity,
        fr1_0.tank_id,
        fr1_0.user_id 
    from
        feeding_record fr1_0 
    where
        fr1_0.farm_id=? 
        and fr1_0.feeding_time between ? and ?
Hibernate: 
    select
        count(m1_0.id) 
    from
        maintenance m1_0 
    where
        m1_0.farm_id=? 
        and m1_0.status=?
Hibernate: 
    select
        wq1_0.id,
        wq1_0.dissolved_oxygen,
        wq1_0.farm_id,
        wq1_0.measurement_time,
        wq1_0.ph,
        wq1_0.tank_id,
        wq1_0.temperature 
    from
        water_quality wq1_0 
    where
        wq1_0.tank_id=? 
        and wq1_0.farm_id=? 
    order by
        wq1_0.measurement_time desc 
    fetch
        first ? rows only
Hibernate: 
    select
        gu1_0.id,
        gu1_0.account_type,
        gu1_0.created_at,
        gu1_0.email,
        gu1_0.name,
        gu1_0.password 
    from
        global_user gu1_0 
    where
        gu1_0.email=?
Hibernate: 
    select
        m1_0.id,
        m1_0.description,
        m1_0.farm_id,
        m1_0.scheduled_date,
        m1_0.status,
        m1_0.tank_id 
    from
        maintenance m1_0 
    where
        m1_0.farm_id=? 
    fetch
        first ? rows only
Hibernate: 
    select
        gu1_0.id,
        gu1_0.account_type,
        gu1_0.created_at,
        gu1_0.email,
        gu1_0.name,
        gu1_0.password 
    from
        global_user gu1_0 
    where
        gu1_0.email=?
Hibernate: 
    select
        ft1_0.id,
        ft1_0.cnpj,
        ft1_0.created_at,
        ft1_0.name,
        ft1_0.owner_id 
    from
        farm_tenant ft1_0 
    where
        ft1_0.owner_id=? 
    fetch
        first ? rows only
Hibernate: 
    select
        gu1_0.id,
        gu1_0.account_type,
        gu1_0.created_at,
        gu1_0.email,
        gu1_0.name,
        gu1_0.password 
    from
        global_user gu1_0 
    where
        gu1_0.email=?
Hibernate: 
    select
        t1_0.id,
        t1_0.average_weight_g,
        t1_0.farm_id,
        t1_0.fish_capacity,
        t1_0.fish_species,
        t1_0.mortality_count,
        t1_0.name,
        t1_0.next_harvest_date,
        t1_0.status 
    from
        tank t1_0 
    where
        t1_0.farm_id=? 
    fetch
        first ? rows only
Hibernate: 
    select
        gu1_0.id,
        gu1_0.account_type,
        gu1_0.created_at,
        gu1_0.email,
        gu1_0.name,
        gu1_0.password 
    from
        global_user gu1_0 
    where
        gu1_0.email=?
Hibernate: 
    select
        gu1_0.id,
        gu1_0.account_type,
        gu1_0.created_at,
        gu1_0.email,
        gu1_0.name,
        gu1_0.password 
    from
        global_user gu1_0 
    where
        gu1_0.email=?
Hibernate: 
    select
        t1_0.id,
        t1_0.average_weight_g,
        t1_0.farm_id,
        t1_0.fish_capacity,
        t1_0.fish_species,
        t1_0.mortality_count,
        t1_0.name,
        t1_0.next_harvest_date,
        t1_0.status 
    from
        tank t1_0 
    where
        t1_0.farm_id=?
Hibernate: 
    select
        fr1_0.id,
        fr1_0.farm_id,
        fr1_0.feed_id,
        fr1_0.feeding_time,
        fr1_0.quantity,
        fr1_0.tank_id,
        fr1_0.user_id 
    from
        feeding_record fr1_0 
    where
        fr1_0.farm_id=? 
        and fr1_0.feeding_time between ? and ?
Hibernate: 
    select
        t1_0.id,
        t1_0.average_weight_g,
        t1_0.farm_id,
        t1_0.fish_capacity,
        t1_0.fish_species,
        t1_0.mortality_count,
        t1_0.name,
        t1_0.next_harvest_date,
        t1_0.status 
    from
        tank t1_0 
    where
        t1_0.farm_id=? 
    fetch
        first ? rows only
Hibernate: 
    select
        count(m1_0.id) 
    from
        maintenance m1_0 
    where
        m1_0.farm_id=? 
        and m1_0.status=?
Hibernate: 
    select
        gu1_0.id,
        gu1_0.account_type,
        gu1_0.created_at,
        gu1_0.email,
        gu1_0.name,
        gu1_0.password 
    from
        global_user gu1_0 
    where
        gu1_0.email=?
Hibernate: 
    select
        gu1_0.id,
        gu1_0.account_type,
        gu1_0.created_at,
        gu1_0.email,
        gu1_0.name,
        gu1_0.password 
    from
        global_user gu1_0 
    where
        gu1_0.email=?
Hibernate: 
    select
        wq1_0.id,
        wq1_0.dissolved_oxygen,
        wq1_0.farm_id,
        wq1_0.measurement_time,
        wq1_0.ph,
        wq1_0.tank_id,
        wq1_0.temperature 
    from
        water_quality wq1_0 
    where
        wq1_0.tank_id=? 
        and wq1_0.farm_id=? 
    order by
        wq1_0.measurement_time desc 
    fetch
        first ? rows only
Hibernate: 
    select
        gu1_0.id,
        gu1_0.account_type,
        gu1_0.created_at,
        gu1_0.email,
        gu1_0.name,
        gu1_0.password 
    from
        global_user gu1_0 
    where
        gu1_0.email=?
Hibernate: 
    select
        gu1_0.id,
        gu1_0.account_type,
        gu1_0.created_at,
        gu1_0.email,
        gu1_0.name,
        gu1_0.password 
    from
        global_user gu1_0 
    where
        gu1_0.email=?
Hibernate: 
    select
        t1_0.id,
        t1_0.average_weight_g,
        t1_0.farm_id,
        t1_0.fish_capacity,
        t1_0.fish_species,
        t1_0.mortality_count,
        t1_0.name,
        t1_0.next_harvest_date,
        t1_0.status 
    from
        tank t1_0 
    where
        t1_0.farm_id=?
Hibernate: 
    select
        wq1_0.id,
        wq1_0.dissolved_oxygen,
        wq1_0.farm_id,
        wq1_0.measurement_time,
        wq1_0.ph,
        wq1_0.tank_id,
        wq1_0.temperature 
    from
        water_quality wq1_0 
    where
        wq1_0.tank_id=? 
        and wq1_0.farm_id=? 
    order by
        wq1_0.measurement_time desc 
    fetch
        first ? rows only
Hibernate: 
    select
        fr1_0.id,
        fr1_0.farm_id,
        fr1_0.feed_id,
        fr1_0.feeding_time,
        fr1_0.quantity,
        fr1_0.tank_id,
        fr1_0.user_id 
    from
        feeding_record fr1_0 
    where
        fr1_0.farm_id=? 
        and fr1_0.feeding_time between ? and ?
Hibernate: 
    select
        wq1_0.id,
        wq1_0.dissolved_oxygen,
        wq1_0.farm_id,
        wq1_0.measurement_time,
        wq1_0.ph,
        wq1_0.tank_id,
        wq1_0.temperature 
    from
        water_quality wq1_0 
    where
        wq1_0.tank_id=? 
        and wq1_0.farm_id=? 
    order by
        wq1_0.measurement_time desc 
    fetch
        first ? rows only
Hibernate: 
    select
        count(m1_0.id) 
    from
        maintenance m1_0 
    where
        m1_0.farm_id=? 
        and m1_0.status=?
Hibernate: 
    select
        gu1_0.id,
        gu1_0.account_type,
        gu1_0.created_at,
        gu1_0.email,
        gu1_0.name,
        gu1_0.password 
    from
        global_user gu1_0 
    where
        gu1_0.email=?
Hibernate: 
    select
        wq1_0.id,
        wq1_0.dissolved_oxygen,
        wq1_0.farm_id,
        wq1_0.measurement_time,
        wq1_0.ph,
        wq1_0.tank_id,
        wq1_0.temperature 
    from
        water_quality wq1_0 
    where
        wq1_0.farm_id=? 
    fetch
        first ? rows only
Hibernate: 
    select
        gu1_0.id,
        gu1_0.account_type,
        gu1_0.created_at,
        gu1_0.email,
        gu1_0.name,
        gu1_0.password 
    from
        global_user gu1_0 
    where
        gu1_0.email=?
Hibernate: 
    select
        ufl1_0.farm_id,
        ufl1_0.user_id,
        ufl1_0.access_role 
    from
        user_farm_link ufl1_0 
    where
        ufl1_0.farm_id=? 
        and ufl1_0.access_role=?
Hibernate: 
    select
        gu1_0.id,
        gu1_0.account_type,
        gu1_0.created_at,
        gu1_0.email,
        gu1_0.name,
        gu1_0.password 
    from
        global_user gu1_0 
    where
        gu1_0.id=?
Hibernate: 
    select
        gu1_0.id,
        gu1_0.account_type,
        gu1_0.created_at,
        gu1_0.email,
        gu1_0.name,
        gu1_0.password 
    from
        global_user gu1_0 
    where
        gu1_0.email=?
Hibernate: 
    select
        emp1_0.employee_id,
        emp1_0.farm_id,
        emp1_0.module_name,
        emp1_0.is_enabled 
    from
        employee_module_permission emp1_0 
    where
        emp1_0.employee_id=? 
        and emp1_0.farm_id=?
Hibernate: 
    select
        emp1_0.employee_id,
        emp1_0.farm_id,
        emp1_0.module_name,
        emp1_0.is_enabled 
    from
        employee_module_permission emp1_0 
    where
        (
            emp1_0.employee_id, emp1_0.farm_id, emp1_0.module_name
        ) in ((?, ?, ?))
Hibernate: 
    select
        emp1_0.employee_id,
        emp1_0.farm_id,
        emp1_0.module_name,
        emp1_0.is_enabled 
    from
        employee_module_permission emp1_0 
    where
        (
            emp1_0.employee_id, emp1_0.farm_id, emp1_0.module_name
        ) in ((?, ?, ?))
Hibernate: 
    select
        emp1_0.employee_id,
        emp1_0.farm_id,
        emp1_0.module_name,
        emp1_0.is_enabled 
    from
        employee_module_permission emp1_0 
    where
        (
            emp1_0.employee_id, emp1_0.farm_id, emp1_0.module_name
        ) in ((?, ?, ?))
Hibernate: 
    select
        emp1_0.employee_id,
        emp1_0.farm_id,
        emp1_0.module_name,
        emp1_0.is_enabled 
    from
        employee_module_permission emp1_0 
    where
        (
            emp1_0.employee_id, emp1_0.farm_id, emp1_0.module_name
        ) in ((?, ?, ?))
Hibernate: 
    select
        emp1_0.employee_id,
        emp1_0.farm_id,
        emp1_0.module_name,
        emp1_0.is_enabled 
    from
        employee_module_permission emp1_0 
    where
        (
            emp1_0.employee_id, emp1_0.farm_id, emp1_0.module_name
        ) in ((?, ?, ?))
Hibernate: 
    select
        emp1_0.employee_id,
        emp1_0.farm_id,
        emp1_0.module_name,
        emp1_0.is_enabled 
    from
        employee_module_permission emp1_0 
    where
        (
            emp1_0.employee_id, emp1_0.farm_id, emp1_0.module_name
        ) in ((?, ?, ?))
Hibernate: 
    insert 
    into
        employee_module_permission
        (is_enabled, employee_id, farm_id, module_name) 
    values
        (?, ?, ?, ?)
Hibernate: 
    insert 
    into
        employee_module_permission
        (is_enabled, employee_id, farm_id, module_name) 
    values
        (?, ?, ?, ?)
Hibernate: 
    insert 
    into
        employee_module_permission
        (is_enabled, employee_id, farm_id, module_name) 
    values
        (?, ?, ?, ?)
Hibernate: 
    insert 
    into
        employee_module_permission
        (is_enabled, employee_id, farm_id, module_name) 
    values
        (?, ?, ?, ?)
Hibernate: 
    insert 
    into
        employee_module_permission
        (is_enabled, employee_id, farm_id, module_name) 
    values
        (?, ?, ?, ?)
Hibernate: 
    insert 
    into
        employee_module_permission
        (is_enabled, employee_id, farm_id, module_name) 
    values
        (?, ?, ?, ?)
Hibernate: 
    select
        emp1_0.employee_id,
        emp1_0.farm_id,
        emp1_0.module_name,
        emp1_0.is_enabled 
    from
        employee_module_permission emp1_0 
    where
        emp1_0.employee_id=? 
        and emp1_0.farm_id=?
Hibernate: 
    select
        gu1_0.id,
        gu1_0.account_type,
        gu1_0.created_at,
        gu1_0.email,
        gu1_0.name,
        gu1_0.password 
    from
        global_user gu1_0 
    where
        gu1_0.email=?
Hibernate: 
    select
        ft1_0.id,
        ft1_0.amount,
        ft1_0.farm_id,
        ft1_0.transaction_date,
        ft1_0.type 
    from
        financial_transaction ft1_0 
    where
        ft1_0.farm_id=? 
    fetch
        first ? rows only
Hibernate: 
    select
        gu1_0.id,
        gu1_0.account_type,
        gu1_0.created_at,
        gu1_0.email,
        gu1_0.name,
        gu1_0.password 
    from
        global_user gu1_0 
    where
        gu1_0.email=?
Hibernate: 
    insert 
    into
        financial_transaction
        (amount, farm_id, transaction_date, type, id) 
    values
        (?, ?, ?, ?, ?)
Hibernate: 
    select
        gu1_0.id,
        gu1_0.account_type,
        gu1_0.created_at,
        gu1_0.email,
        gu1_0.name,
        gu1_0.password 
    from
        global_user gu1_0 
    where
        gu1_0.email=?
Hibernate: 
    select
        h1_0.id,
        h1_0.date,
        h1_0.destination,
        h1_0.farm_id,
        h1_0.quantity_kg,
        h1_0.tank_id 
    from
        harvest h1_0 
    where
        h1_0.farm_id=? 
    fetch
        first ? rows only
Hibernate: 
    select
        gu1_0.id,
        gu1_0.account_type,
        gu1_0.created_at,
        gu1_0.email,
        gu1_0.name,
        gu1_0.password 
    from
        global_user gu1_0 
    where
        gu1_0.email=?
Hibernate: 
    select
        h1_0.id,
        h1_0.date,
        h1_0.destination,
        h1_0.farm_id,
        h1_0.quantity_kg,
        h1_0.tank_id 
    from
        harvest h1_0 
    where
        h1_0.id=? 
        and h1_0.farm_id=?
Hibernate: 
    update
        harvest 
    set
        date=?,
        destination=?,
        farm_id=?,
        quantity_kg=?,
        tank_id=? 
    where
        id=?
Hibernate: 
    select
        gu1_0.id,
        gu1_0.account_type,
        gu1_0.created_at,
        gu1_0.email,
        gu1_0.name,
        gu1_0.password 
    from
        global_user gu1_0 
    where
        gu1_0.email=?
Hibernate: 
    select
        gu1_0.id,
        gu1_0.account_type,
        gu1_0.created_at,
        gu1_0.email,
        gu1_0.name,
        gu1_0.password 
    from
        global_user gu1_0 
    where
        gu1_0.email=?
Hibernate: 
    select
        m1_0.id,
        m1_0.description,
        m1_0.farm_id,
        m1_0.scheduled_date,
        m1_0.status,
        m1_0.tank_id 
    from
        maintenance m1_0 
    where
        m1_0.farm_id=? 
    fetch
        first ? rows only
Hibernate: 
    select
        ft1_0.id,
        ft1_0.cnpj,
        ft1_0.created_at,
        ft1_0.name,
        ft1_0.owner_id 
    from
        farm_tenant ft1_0 
    where
        ft1_0.owner_id=? 
    fetch
        first ? rows only
Hibernate: 
    select
        gu1_0.id,
        gu1_0.account_type,
        gu1_0.created_at,
        gu1_0.email,
        gu1_0.name,
        gu1_0.password 
    from
        global_user gu1_0 
    where
        gu1_0.email=?
Hibernate: 
    select
        gu1_0.id,
        gu1_0.account_type,
        gu1_0.created_at,
        gu1_0.email,
        gu1_0.name,
        gu1_0.password 
    from
        global_user gu1_0 
    where
        gu1_0.email=?
Hibernate: 
    select
        wq1_0.id,
        wq1_0.dissolved_oxygen,
        wq1_0.farm_id,
        wq1_0.measurement_time,
        wq1_0.ph,
        wq1_0.tank_id,
        wq1_0.temperature 
    from
        water_quality wq1_0 
    where
        wq1_0.farm_id=? 
    fetch
        first ? rows only
Hibernate: 
    select
        t1_0.id,
        t1_0.average_weight_g,
        t1_0.farm_id,
        t1_0.fish_capacity,
        t1_0.fish_species,
        t1_0.mortality_count,
        t1_0.name,
        t1_0.next_harvest_date,
        t1_0.status 
    from
        tank t1_0 
    where
        t1_0.farm_id=? 
    fetch
        first ? rows only
Hibernate: 
    select
        gu1_0.id,
        gu1_0.account_type,
        gu1_0.created_at,
        gu1_0.email,
        gu1_0.name,
        gu1_0.password 
    from
        global_user gu1_0 
    where
        gu1_0.email=?
Hibernate: 
    select
        ufl1_0.farm_id,
        ufl1_0.user_id,
        ufl1_0.access_role 
    from
        user_farm_link ufl1_0 
    where
        ufl1_0.farm_id=? 
        and ufl1_0.access_role=?
Hibernate: 
    select
        gu1_0.id,
        gu1_0.account_type,
        gu1_0.created_at,
        gu1_0.email,
        gu1_0.name,
        gu1_0.password 
    from
        global_user gu1_0 
    where
        gu1_0.id=?
Hibernate: 
    select
        gu1_0.id,
        gu1_0.account_type,
        gu1_0.created_at,
        gu1_0.email,
        gu1_0.name,
        gu1_0.password 
    from
        global_user gu1_0 
    where
        gu1_0.email=?
Hibernate: 
    select
        ufl1_0.farm_id,
        ufl1_0.user_id,
        ufl1_0.access_role 
    from
        user_farm_link ufl1_0 
    where
        ufl1_0.farm_id=? 
        and ufl1_0.access_role=?
Hibernate: 
    select
        gu1_0.id,
        gu1_0.account_type,
        gu1_0.created_at,
        gu1_0.email,
        gu1_0.name,
        gu1_0.password 
    from
        global_user gu1_0 
    where
        gu1_0.id=?
Hibernate: 
    select
        gu1_0.id,
        gu1_0.account_type,
        gu1_0.created_at,
        gu1_0.email,
        gu1_0.name,
        gu1_0.password 
    from
        global_user gu1_0 
    where
        gu1_0.email=?
Hibernate: 
    select
        m1_0.id,
        m1_0.description,
        m1_0.farm_id,
        m1_0.scheduled_date,
        m1_0.status,
        m1_0.tank_id 
    from
        maintenance m1_0 
    where
        m1_0.farm_id=? 
    fetch
        first ? rows only
Hibernate: 
    select
        gu1_0.id,
        gu1_0.account_type,
        gu1_0.created_at,
        gu1_0.email,
        gu1_0.name,
        gu1_0.password 
    from
        global_user gu1_0 
    where
        gu1_0.email=?
Hibernate: 
    select
        gu1_0.id,
        gu1_0.account_type,
        gu1_0.created_at,
        gu1_0.email,
        gu1_0.name,
        gu1_0.password 
    from
        global_user gu1_0 
    where
        gu1_0.email=?
Hibernate: 
    select
        ft1_0.id,
        ft1_0.cnpj,
        ft1_0.created_at,
        ft1_0.name,
        ft1_0.owner_id 
    from
        farm_tenant ft1_0 
    where
        ft1_0.owner_id=? 
    fetch
        first ? rows only
Hibernate: 
    select
        t1_0.id,
        t1_0.average_weight_g,
        t1_0.farm_id,
        t1_0.fish_capacity,
        t1_0.fish_species,
        t1_0.mortality_count,
        t1_0.name,
        t1_0.next_harvest_date,
        t1_0.status 
    from
        tank t1_0 
    where
        t1_0.farm_id=? 
    fetch
        first ? rows only
Hibernate: 
    select
        gu1_0.id,
        gu1_0.account_type,
        gu1_0.created_at,
        gu1_0.email,
        gu1_0.name,
        gu1_0.password 
    from
        global_user gu1_0 
    where
        gu1_0.email=?
Hibernate: 
    select
        wq1_0.id,
        wq1_0.dissolved_oxygen,
        wq1_0.farm_id,
        wq1_0.measurement_time,
        wq1_0.ph,
        wq1_0.tank_id,
        wq1_0.temperature 
    from
        water_quality wq1_0 
    where
        wq1_0.farm_id=? 
    fetch
        first ? rows only
Hibernate: 
    select
        gu1_0.id,
        gu1_0.account_type,
        gu1_0.created_at,
        gu1_0.email,
        gu1_0.name,
        gu1_0.password 
    from
        global_user gu1_0 
    where
        gu1_0.email=?
Hibernate: 
    select
        t1_0.id,
        t1_0.average_weight_g,
        t1_0.farm_id,
        t1_0.fish_capacity,
        t1_0.fish_species,
        t1_0.mortality_count,
        t1_0.name,
        t1_0.next_harvest_date,
        t1_0.status 
    from
        tank t1_0 
    where
        t1_0.farm_id=?
Hibernate: 
    select
        fr1_0.id,
        fr1_0.farm_id,
        fr1_0.feed_id,
        fr1_0.feeding_time,
        fr1_0.quantity,
        fr1_0.tank_id,
        fr1_0.user_id 
    from
        feeding_record fr1_0 
    where
        fr1_0.farm_id=? 
        and fr1_0.feeding_time between ? and ?
Hibernate: 
    select
        count(m1_0.id) 
    from
        maintenance m1_0 
    where
        m1_0.farm_id=? 
        and m1_0.status=?
Hibernate: 
    select
        gu1_0.id,
        gu1_0.account_type,
        gu1_0.created_at,
        gu1_0.email,
        gu1_0.name,
        gu1_0.password 
    from
        global_user gu1_0 
    where
        gu1_0.email=?
Hibernate: 
    select
        wq1_0.id,
        wq1_0.dissolved_oxygen,
        wq1_0.farm_id,
        wq1_0.measurement_time,
        wq1_0.ph,
        wq1_0.tank_id,
        wq1_0.temperature 
    from
        water_quality wq1_0 
    where
        wq1_0.tank_id=? 
        and wq1_0.farm_id=? 
    order by
        wq1_0.measurement_time desc 
    fetch
        first ? rows only
Hibernate: 
    select
        gu1_0.id,
        gu1_0.account_type,
        gu1_0.created_at,
        gu1_0.email,
        gu1_0.name,
        gu1_0.password 
    from
        global_user gu1_0 
    where
        gu1_0.email=?
Hibernate: 
    select
        gu1_0.id,
        gu1_0.account_type,
        gu1_0.created_at,
        gu1_0.email,
        gu1_0.name,
        gu1_0.password 
    from
        global_user gu1_0 
    where
        gu1_0.email=?
Hibernate: 
    select
        wq1_0.id,
        wq1_0.dissolved_oxygen,
        wq1_0.farm_id,
        wq1_0.measurement_time,
        wq1_0.ph,
        wq1_0.tank_id,
        wq1_0.temperature 
    from
        water_quality wq1_0 
    where
        wq1_0.tank_id=? 
        and wq1_0.farm_id=? 
    order by
        wq1_0.measurement_time desc 
    fetch
        first ? rows only
Hibernate: 
    select
        gu1_0.id,
        gu1_0.account_type,
        gu1_0.created_at,
        gu1_0.email,
        gu1_0.name,
        gu1_0.password 
    from
        global_user gu1_0 
    where
        gu1_0.email=?
Hibernate: 
    select
        wq1_0.id,
        wq1_0.dissolved_oxygen,
        wq1_0.farm_id,
        wq1_0.measurement_time,
        wq1_0.ph,
        wq1_0.tank_id,
        wq1_0.temperature 
    from
        water_quality wq1_0 
    where
        wq1_0.tank_id=? 
        and wq1_0.farm_id=? 
    order by
        wq1_0.measurement_time desc 
    fetch
        first ? rows only
Hibernate: 
    select
        t1_0.id,
        t1_0.average_weight_g,
        t1_0.farm_id,
        t1_0.fish_capacity,
        t1_0.fish_species,
        t1_0.mortality_count,
        t1_0.name,
        t1_0.next_harvest_date,
        t1_0.status 
    from
        tank t1_0 
    where
        t1_0.farm_id=? 
    fetch
        first ? rows only
Hibernate: 
    select
        gu1_0.id,
        gu1_0.account_type,
        gu1_0.created_at,
        gu1_0.email,
        gu1_0.name,
        gu1_0.password 
    from
        global_user gu1_0 
    where
        gu1_0.email=?
Hibernate: 
    select
        t1_0.id,
        t1_0.average_weight_g,
        t1_0.farm_id,
        t1_0.fish_capacity,
        t1_0.fish_species,
        t1_0.mortality_count,
        t1_0.name,
        t1_0.next_harvest_date,
        t1_0.status 
    from
        tank t1_0 
    where
        t1_0.farm_id=?
Hibernate: 
    select
        fr1_0.id,
        fr1_0.farm_id,
        fr1_0.feed_id,
        fr1_0.feeding_time,
        fr1_0.quantity,
        fr1_0.tank_id,
        fr1_0.user_id 
    from
        feeding_record fr1_0 
    where
        fr1_0.farm_id=? 
        and fr1_0.feeding_time between ? and ?
Hibernate: 
    select
        count(m1_0.id) 
    from
        maintenance m1_0 
    where
        m1_0.farm_id=? 
        and m1_0.status=?
Hibernate: 
    select
        gu1_0.id,
        gu1_0.account_type,
        gu1_0.created_at,
        gu1_0.email,
        gu1_0.name,
        gu1_0.password 
    from
        global_user gu1_0 
    where
        gu1_0.email=?
Hibernate: 
    select
        gu1_0.id,
        gu1_0.account_type,
        gu1_0.created_at,
        gu1_0.email,
        gu1_0.name,
        gu1_0.password 
    from
        global_user gu1_0 
    where
        gu1_0.email=?
Hibernate: 
    select
        m1_0.id,
        m1_0.description,
        m1_0.farm_id,
        m1_0.scheduled_date,
        m1_0.status,
        m1_0.tank_id 
    from
        maintenance m1_0 
    where
        m1_0.farm_id=? 
    fetch
        first ? rows only
Hibernate: 
    select
        ft1_0.id,
        ft1_0.cnpj,
        ft1_0.created_at,
        ft1_0.name,
        ft1_0.owner_id 
    from
        farm_tenant ft1_0 
    where
        ft1_0.owner_id=? 
    fetch
        first ? rows only
Hibernate: 
    select
        gu1_0.id,
        gu1_0.account_type,
        gu1_0.created_at,
        gu1_0.email,
        gu1_0.name,
        gu1_0.password 
    from
        global_user gu1_0 
    where
        gu1_0.email=?
Hibernate: 
    select
        gu1_0.id,
        gu1_0.account_type,
        gu1_0.created_at,
        gu1_0.email,
        gu1_0.name,
        gu1_0.password 
    from
        global_user gu1_0 
    where
        gu1_0.email=?
Hibernate: 
    select
        t1_0.id,
        t1_0.average_weight_g,
        t1_0.farm_id,
        t1_0.fish_capacity,
        t1_0.fish_species,
        t1_0.mortality_count,
        t1_0.name,
        t1_0.next_harvest_date,
        t1_0.status 
    from
        tank t1_0 
    where
        t1_0.farm_id=? 
    fetch
        first ? rows only
Hibernate: 
    select
        wq1_0.id,
        wq1_0.dissolved_oxygen,
        wq1_0.farm_id,
        wq1_0.measurement_time,
        wq1_0.ph,
        wq1_0.tank_id,
        wq1_0.temperature 
    from
        water_quality wq1_0 
    where
        wq1_0.farm_id=? 
    fetch
        first ? rows only
Hibernate: 
    select
        gu1_0.id,
        gu1_0.account_type,
        gu1_0.created_at,
        gu1_0.email,
        gu1_0.name,
        gu1_0.password 
    from
        global_user gu1_0 
    where
        gu1_0.email=?
Hibernate: 
    select
        gu1_0.id,
        gu1_0.account_type,
        gu1_0.created_at,
        gu1_0.email,
        gu1_0.name,
        gu1_0.password 
    from
        global_user gu1_0 
    where
        gu1_0.email=?
Hibernate: 
    select
        m1_0.id,
        m1_0.description,
        m1_0.farm_id,
        m1_0.scheduled_date,
        m1_0.status,
        m1_0.tank_id 
    from
        maintenance m1_0 
    where
        m1_0.farm_id=? 
    fetch
        first ? rows only
Hibernate: 
    select
        ft1_0.id,
        ft1_0.cnpj,
        ft1_0.created_at,
        ft1_0.name,
        ft1_0.owner_id 
    from
        farm_tenant ft1_0 
    where
        ft1_0.owner_id=? 
    fetch
        first ? rows only
Hibernate: 
    select
        gu1_0.id,
        gu1_0.account_type,
        gu1_0.created_at,
        gu1_0.email,
        gu1_0.name,
        gu1_0.password 
    from
        global_user gu1_0 
    where
        gu1_0.email=?
Hibernate: 
    select
        t1_0.id,
        t1_0.average_weight_g,
        t1_0.farm_id,
        t1_0.fish_capacity,
        t1_0.fish_species,
        t1_0.mortality_count,
        t1_0.name,
        t1_0.next_harvest_date,
        t1_0.status 
    from
        tank t1_0 
    where
        t1_0.farm_id=? 
    fetch
        first ? rows only
Hibernate: 
    select
        gu1_0.id,
        gu1_0.account_type,
        gu1_0.created_at,
        gu1_0.email,
        gu1_0.name,
        gu1_0.password 
    from
        global_user gu1_0 
    where
        gu1_0.email=?
Hibernate: 
    select
        wq1_0.id,
        wq1_0.dissolved_oxygen,
        wq1_0.farm_id,
        wq1_0.measurement_time,
        wq1_0.ph,
        wq1_0.tank_id,
        wq1_0.temperature 
    from
        water_quality wq1_0 
    where
        wq1_0.farm_id=? 
    fetch
        first ? rows only
Hibernate: 
    select
        gu1_0.id,
        gu1_0.account_type,
        gu1_0.created_at,
        gu1_0.email,
        gu1_0.name,
        gu1_0.password 
    from
        global_user gu1_0 
    where
        gu1_0.email=?
Hibernate: 
    select
        m1_0.id,
        m1_0.description,
        m1_0.farm_id,
        m1_0.scheduled_date,
        m1_0.status,
        m1_0.tank_id 
    from
        maintenance m1_0 
    where
        m1_0.farm_id=? 
    fetch
        first ? rows only
Hibernate: 
    select
        gu1_0.id,
        gu1_0.account_type,
        gu1_0.created_at,
        gu1_0.email,
        gu1_0.name,
        gu1_0.password 
    from
        global_user gu1_0 
    where
        gu1_0.email=?
Hibernate: 
    select
        ft1_0.id,
        ft1_0.cnpj,
        ft1_0.created_at,
        ft1_0.name,
        ft1_0.owner_id 
    from
        farm_tenant ft1_0 
    where
        ft1_0.owner_id=? 
    fetch
        first ? rows only
Hibernate: 
    select
        gu1_0.id,
        gu1_0.account_type,
        gu1_0.created_at,
        gu1_0.email,
        gu1_0.name,
        gu1_0.password 
    from
        global_user gu1_0 
    where
        gu1_0.email=?
Hibernate: 
    select
        gu1_0.id,
        gu1_0.account_type,
        gu1_0.created_at,
        gu1_0.email,
        gu1_0.name,
        gu1_0.password 
    from
        global_user gu1_0 
    where
        gu1_0.email=?
Hibernate: 
    select
        t1_0.id,
        t1_0.average_weight_g,
        t1_0.farm_id,
        t1_0.fish_capacity,
        t1_0.fish_species,
        t1_0.mortality_count,
        t1_0.name,
        t1_0.next_harvest_date,
        t1_0.status 
    from
        tank t1_0 
    where
        t1_0.farm_id=? 
    fetch
        first ? rows only
Hibernate: 
    select
        wq1_0.id,
        wq1_0.dissolved_oxygen,
        wq1_0.farm_id,
        wq1_0.measurement_time,
        wq1_0.ph,
        wq1_0.tank_id,
        wq1_0.temperature 
    from
        water_quality wq1_0 
    where
        wq1_0.farm_id=? 
    fetch
        first ? rows only
Hibernate: 
    select
        gu1_0.id,
        gu1_0.account_type,
        gu1_0.created_at,
        gu1_0.email,
        gu1_0.name,
        gu1_0.password 
    from
        global_user gu1_0 
    where
        gu1_0.email=?
Hibernate: 
    select
        t1_0.id,
        t1_0.average_weight_g,
        t1_0.farm_id,
        t1_0.fish_capacity,
        t1_0.fish_species,
        t1_0.mortality_count,
        t1_0.name,
        t1_0.next_harvest_date,
        t1_0.status 
    from
        tank t1_0 
    where
        t1_0.farm_id=?
Hibernate: 
    select
        gu1_0.id,
        gu1_0.account_type,
        gu1_0.created_at,
        gu1_0.email,
        gu1_0.name,
        gu1_0.password 
    from
        global_user gu1_0 
    where
        gu1_0.email=?
Hibernate: 
    select
        fr1_0.id,
        fr1_0.farm_id,
        fr1_0.feed_id,
        fr1_0.feeding_time,
        fr1_0.quantity,
        fr1_0.tank_id,
        fr1_0.user_id 
    from
        feeding_record fr1_0 
    where
        fr1_0.farm_id=? 
        and fr1_0.feeding_time between ? and ?
Hibernate: 
    select
        count(m1_0.id) 
    from
        maintenance m1_0 
    where
        m1_0.farm_id=? 
        and m1_0.status=?
Hibernate: 
    select
        wq1_0.id,
        wq1_0.dissolved_oxygen,
        wq1_0.farm_id,
        wq1_0.measurement_time,
        wq1_0.ph,
        wq1_0.tank_id,
        wq1_0.temperature 
    from
        water_quality wq1_0 
    where
        wq1_0.tank_id=? 
        and wq1_0.farm_id=? 
    order by
        wq1_0.measurement_time desc 
    fetch
        first ? rows only
Hibernate: 
    select
        gu1_0.id,
        gu1_0.account_type,
        gu1_0.created_at,
        gu1_0.email,
        gu1_0.name,
        gu1_0.password 
    from
        global_user gu1_0 
    where
        gu1_0.email=?
Hibernate: 
    select
        gu1_0.id,
        gu1_0.account_type,
        gu1_0.created_at,
        gu1_0.email,
        gu1_0.name,
        gu1_0.password 
    from
        global_user gu1_0 
    where
        gu1_0.email=?
Hibernate: 
    select
        gu1_0.id,
        gu1_0.account_type,
        gu1_0.created_at,
        gu1_0.email,
        gu1_0.name,
        gu1_0.password 
    from
        global_user gu1_0 
    where
        gu1_0.email=?
Hibernate: 
    select
        t1_0.id,
        t1_0.average_weight_g,
        t1_0.farm_id,
        t1_0.fish_capacity,
        t1_0.fish_species,
        t1_0.mortality_count,
        t1_0.name,
        t1_0.next_harvest_date,
        t1_0.status 
    from
        tank t1_0 
    where
        t1_0.farm_id=? 
    fetch
        first ? rows only
Hibernate: 
    select
        wq1_0.id,
        wq1_0.dissolved_oxygen,
        wq1_0.farm_id,
        wq1_0.measurement_time,
        wq1_0.ph,
        wq1_0.tank_id,
        wq1_0.temperature 
    from
        water_quality wq1_0 
    where
        wq1_0.tank_id=? 
        and wq1_0.farm_id=? 
    order by
        wq1_0.measurement_time desc 
    fetch
        first ? rows only
Hibernate: 
    select
        wq1_0.id,
        wq1_0.dissolved_oxygen,
        wq1_0.farm_id,
        wq1_0.measurement_time,
        wq1_0.ph,
        wq1_0.tank_id,
        wq1_0.temperature 
    from
        water_quality wq1_0 
    where
        wq1_0.tank_id=? 
        and wq1_0.farm_id=? 
    order by
        wq1_0.measurement_time desc 
    fetch
        first ? rows only
Hibernate: 
    select
        gu1_0.id,
        gu1_0.account_type,
        gu1_0.created_at,
        gu1_0.email,
        gu1_0.name,
        gu1_0.password 
    from
        global_user gu1_0 
    where
        gu1_0.email=?
Hibernate: 
    select
        t1_0.id,
        t1_0.average_weight_g,
        t1_0.farm_id,
        t1_0.fish_capacity,
        t1_0.fish_species,
        t1_0.mortality_count,
        t1_0.name,
        t1_0.next_harvest_date,
        t1_0.status 
    from
        tank t1_0 
    where
        t1_0.farm_id=?
Hibernate: 
    select
        fr1_0.id,
        fr1_0.farm_id,
        fr1_0.feed_id,
        fr1_0.feeding_time,
        fr1_0.quantity,
        fr1_0.tank_id,
        fr1_0.user_id 
    from
        feeding_record fr1_0 
    where
        fr1_0.farm_id=? 
        and fr1_0.feeding_time between ? and ?
Hibernate: 
    select
        count(m1_0.id) 
    from
        maintenance m1_0 
    where
        m1_0.farm_id=? 
        and m1_0.status=?
Hibernate: 
    select
        gu1_0.id,
        gu1_0.account_type,
        gu1_0.created_at,
        gu1_0.email,
        gu1_0.name,
        gu1_0.password 
    from
        global_user gu1_0 
    where
        gu1_0.email=?
Hibernate: 
    select
        m1_0.id,
        m1_0.description,
        m1_0.farm_id,
        m1_0.scheduled_date,
        m1_0.status,
        m1_0.tank_id 
    from
        maintenance m1_0 
    where
        m1_0.farm_id=? 
    fetch
        first ? rows only
Hibernate: 
    select
        gu1_0.id,
        gu1_0.account_type,
        gu1_0.created_at,
        gu1_0.email,
        gu1_0.name,
        gu1_0.password 
    from
        global_user gu1_0 
    where
        gu1_0.email=?
Hibernate: 
    select
        ft1_0.id,
        ft1_0.cnpj,
        ft1_0.created_at,
        ft1_0.name,
        ft1_0.owner_id 
    from
        farm_tenant ft1_0 
    where
        ft1_0.owner_id=? 
    fetch
        first ? rows only
Hibernate: 
    select
        gu1_0.id,
        gu1_0.account_type,
        gu1_0.created_at,
        gu1_0.email,
        gu1_0.name,
        gu1_0.password 
    from
        global_user gu1_0 
    where
        gu1_0.email=?
Hibernate: 
    select
        gu1_0.id,
        gu1_0.account_type,
        gu1_0.created_at,
        gu1_0.email,
        gu1_0.name,
        gu1_0.password 
    from
        global_user gu1_0 
    where
        gu1_0.email=?
Hibernate: 
    select
        t1_0.id,
        t1_0.average_weight_g,
        t1_0.farm_id,
        t1_0.fish_capacity,
        t1_0.fish_species,
        t1_0.mortality_count,
        t1_0.name,
        t1_0.next_harvest_date,
        t1_0.status 
    from
        tank t1_0 
    where
        t1_0.farm_id=? 
    fetch
        first ? rows only
Hibernate: 
    select
        t1_0.id,
        t1_0.average_weight_g,
        t1_0.farm_id,
        t1_0.fish_capacity,
        t1_0.fish_species,
        t1_0.mortality_count,
        t1_0.name,
        t1_0.next_harvest_date,
        t1_0.status 
    from
        tank t1_0 
    where
        t1_0.farm_id=?
Hibernate: 
    select
        fr1_0.id,
        fr1_0.farm_id,
        fr1_0.feed_id,
        fr1_0.feeding_time,
        fr1_0.quantity,
        fr1_0.tank_id,
        fr1_0.user_id 
    from
        feeding_record fr1_0 
    where
        fr1_0.farm_id=? 
        and fr1_0.feeding_time between ? and ?
Hibernate: 
    select
        gu1_0.id,
        gu1_0.account_type,
        gu1_0.created_at,
        gu1_0.email,
        gu1_0.name,
        gu1_0.password 
    from
        global_user gu1_0 
    where
        gu1_0.email=?
Hibernate: 
    select
        count(m1_0.id) 
    from
        maintenance m1_0 
    where
        m1_0.farm_id=? 
        and m1_0.status=?
Hibernate: 
    select
        t1_0.id,
        t1_0.average_weight_g,
        t1_0.farm_id,
        t1_0.fish_capacity,
        t1_0.fish_species,
        t1_0.mortality_count,
        t1_0.name,
        t1_0.next_harvest_date,
        t1_0.status 
    from
        tank t1_0 
    where
        t1_0.farm_id=? 
    fetch
        first ? rows only
Hibernate: 
    select
        gu1_0.id,
        gu1_0.account_type,
        gu1_0.created_at,
        gu1_0.email,
        gu1_0.name,
        gu1_0.password 
    from
        global_user gu1_0 
    where
        gu1_0.email=?
Hibernate: 
    select
        gu1_0.id,
        gu1_0.account_type,
        gu1_0.created_at,
        gu1_0.email,
        gu1_0.name,
        gu1_0.password 
    from
        global_user gu1_0 
    where
        gu1_0.email=?
Hibernate: 
    select
        wq1_0.id,
        wq1_0.dissolved_oxygen,
        wq1_0.farm_id,
        wq1_0.measurement_time,
        wq1_0.ph,
        wq1_0.tank_id,
        wq1_0.temperature 
    from
        water_quality wq1_0 
    where
        wq1_0.tank_id=? 
        and wq1_0.farm_id=? 
    order by
        wq1_0.measurement_time desc 
    fetch
        first ? rows only
Hibernate: 
    select
        gu1_0.id,
        gu1_0.account_type,
        gu1_0.created_at,
        gu1_0.email,
        gu1_0.name,
        gu1_0.password 
    from
        global_user gu1_0 
    where
        gu1_0.email=?
Hibernate: 
    select
        gu1_0.id,
        gu1_0.account_type,
        gu1_0.created_at,
        gu1_0.email,
        gu1_0.name,
        gu1_0.password 
    from
        global_user gu1_0 
    where
        gu1_0.email=?
Hibernate: 
    select
        t1_0.id,
        t1_0.average_weight_g,
        t1_0.farm_id,
        t1_0.fish_capacity,
        t1_0.fish_species,
        t1_0.mortality_count,
        t1_0.name,
        t1_0.next_harvest_date,
        t1_0.status 
    from
        tank t1_0 
    where
        t1_0.farm_id=?
Hibernate: 
    select
        fr1_0.id,
        fr1_0.farm_id,
        fr1_0.feed_id,
        fr1_0.feeding_time,
        fr1_0.quantity,
        fr1_0.tank_id,
        fr1_0.user_id 
    from
        feeding_record fr1_0 
    where
        fr1_0.farm_id=? 
        and fr1_0.feeding_time between ? and ?
Hibernate: 
    select
        wq1_0.id,
        wq1_0.dissolved_oxygen,
        wq1_0.farm_id,
        wq1_0.measurement_time,
        wq1_0.ph,
        wq1_0.tank_id,
        wq1_0.temperature 
    from
        water_quality wq1_0 
    where
        wq1_0.tank_id=? 
        and wq1_0.farm_id=? 
    order by
        wq1_0.measurement_time desc 
    fetch
        first ? rows only
Hibernate: 
    select
        wq1_0.id,
        wq1_0.dissolved_oxygen,
        wq1_0.farm_id,
        wq1_0.measurement_time,
        wq1_0.ph,
        wq1_0.tank_id,
        wq1_0.temperature 
    from
        water_quality wq1_0 
    where
        wq1_0.tank_id=? 
        and wq1_0.farm_id=? 
    order by
        wq1_0.measurement_time desc 
    fetch
        first ? rows only
Hibernate: 
    select
        count(m1_0.id) 
    from
        maintenance m1_0 
    where
        m1_0.farm_id=? 
        and m1_0.status=?
Hibernate: 
    select
        gu1_0.id,
        gu1_0.account_type,
        gu1_0.created_at,
        gu1_0.email,
        gu1_0.name,
        gu1_0.password 
    from
        global_user gu1_0 
    where
        gu1_0.email=?
Hibernate: 
    select
        m1_0.id,
        m1_0.description,
        m1_0.farm_id,
        m1_0.scheduled_date,
        m1_0.status,
        m1_0.tank_id 
    from
        maintenance m1_0 
    where
        m1_0.farm_id=? 
    fetch
        first ? rows only
Hibernate: 
    select
        gu1_0.id,
        gu1_0.account_type,
        gu1_0.created_at,
        gu1_0.email,
        gu1_0.name,
        gu1_0.password 
    from
        global_user gu1_0 
    where
        gu1_0.email=?
Hibernate: 
    select
        ft1_0.id,
        ft1_0.cnpj,
        ft1_0.created_at,
        ft1_0.name,
        ft1_0.owner_id 
    from
        farm_tenant ft1_0 
    where
        ft1_0.owner_id=? 
    fetch
        first ? rows only
Hibernate: 
    select
        gu1_0.id,
        gu1_0.account_type,
        gu1_0.created_at,
        gu1_0.email,
        gu1_0.name,
        gu1_0.password 
    from
        global_user gu1_0 
    where
        gu1_0.email=?
Hibernate: 
    select
        gu1_0.id,
        gu1_0.account_type,
        gu1_0.created_at,
        gu1_0.email,
        gu1_0.name,
        gu1_0.password 
    from
        global_user gu1_0 
    where
        gu1_0.email=?
Hibernate: 
    select
        t1_0.id,
        t1_0.average_weight_g,
        t1_0.farm_id,
        t1_0.fish_capacity,
        t1_0.fish_species,
        t1_0.mortality_count,
        t1_0.name,
        t1_0.next_harvest_date,
        t1_0.status 
    from
        tank t1_0 
    where
        t1_0.farm_id=? 
    fetch
        first ? rows only
Hibernate: 
    select
        t1_0.id,
        t1_0.average_weight_g,
        t1_0.farm_id,
        t1_0.fish_capacity,
        t1_0.fish_species,
        t1_0.mortality_count,
        t1_0.name,
        t1_0.next_harvest_date,
        t1_0.status 
    from
        tank t1_0 
    where
        t1_0.farm_id=?
Hibernate: 
    select
        fr1_0.id,
        fr1_0.farm_id,
        fr1_0.feed_id,
        fr1_0.feeding_time,
        fr1_0.quantity,
        fr1_0.tank_id,
        fr1_0.user_id 
    from
        feeding_record fr1_0 
    where
        fr1_0.farm_id=? 
        and fr1_0.feeding_time between ? and ?
Hibernate: 
    select
        gu1_0.id,
        gu1_0.account_type,
        gu1_0.created_at,
        gu1_0.email,
        gu1_0.name,
        gu1_0.password 
    from
        global_user gu1_0 
    where
        gu1_0.email=?
Hibernate: 
    select
        count(m1_0.id) 
    from
        maintenance m1_0 
    where
        m1_0.farm_id=? 
        and m1_0.status=?
Hibernate: 
    select
        t1_0.id,
        t1_0.average_weight_g,
        t1_0.farm_id,
        t1_0.fish_capacity,
        t1_0.fish_species,
        t1_0.mortality_count,
        t1_0.name,
        t1_0.next_harvest_date,
        t1_0.status 
    from
        tank t1_0 
    where
        t1_0.farm_id=? 
    fetch
        first ? rows only
Hibernate: 
    select
        gu1_0.id,
        gu1_0.account_type,
        gu1_0.created_at,
        gu1_0.email,
        gu1_0.name,
        gu1_0.password 
    from
        global_user gu1_0 
    where
        gu1_0.email=?
Hibernate: 
    select
        t1_0.id,
        t1_0.average_weight_g,
        t1_0.farm_id,
        t1_0.fish_capacity,
        t1_0.fish_species,
        t1_0.mortality_count,
        t1_0.name,
        t1_0.next_harvest_date,
        t1_0.status 
    from
        tank t1_0 
    where
        t1_0.farm_id=?
Hibernate: 
    select
        fr1_0.id,
        fr1_0.farm_id,
        fr1_0.feed_id,
        fr1_0.feeding_time,
        fr1_0.quantity,
        fr1_0.tank_id,
        fr1_0.user_id 
    from
        feeding_record fr1_0 
    where
        fr1_0.farm_id=? 
        and fr1_0.feeding_time between ? and ?
Hibernate: 
    select
        count(m1_0.id) 
    from
        maintenance m1_0 
    where
        m1_0.farm_id=? 
        and m1_0.status=?
Hibernate: 
    select
        gu1_0.id,
        gu1_0.account_type,
        gu1_0.created_at,
        gu1_0.email,
        gu1_0.name,
        gu1_0.password 
    from
        global_user gu1_0 
    where
        gu1_0.email=?
Hibernate: 
    select
        wq1_0.id,
        wq1_0.dissolved_oxygen,
        wq1_0.farm_id,
        wq1_0.measurement_time,
        wq1_0.ph,
        wq1_0.tank_id,
        wq1_0.temperature 
    from
        water_quality wq1_0 
    where
        wq1_0.tank_id=? 
        and wq1_0.farm_id=? 
    order by
        wq1_0.measurement_time desc 
    fetch
        first ? rows only
Hibernate: 
    select
        gu1_0.id,
        gu1_0.account_type,
        gu1_0.created_at,
        gu1_0.email,
        gu1_0.name,
        gu1_0.password 
    from
        global_user gu1_0 
    where
        gu1_0.email=?
Hibernate: 
    select
        wq1_0.id,
        wq1_0.dissolved_oxygen,
        wq1_0.farm_id,
        wq1_0.measurement_time,
        wq1_0.ph,
        wq1_0.tank_id,
        wq1_0.temperature 
    from
        water_quality wq1_0 
    where
        wq1_0.tank_id=? 
        and wq1_0.farm_id=? 
    order by
        wq1_0.measurement_time desc 
    fetch
        first ? rows only
Hibernate: 
    select
        gu1_0.id,
        gu1_0.account_type,
        gu1_0.created_at,
        gu1_0.email,
        gu1_0.name,
        gu1_0.password 
    from
        global_user gu1_0 
    where
        gu1_0.email=?
Hibernate: 
    select
        wq1_0.id,
        wq1_0.dissolved_oxygen,
        wq1_0.farm_id,
        wq1_0.measurement_time,
        wq1_0.ph,
        wq1_0.tank_id,
        wq1_0.temperature 
    from
        water_quality wq1_0 
    where
        wq1_0.tank_id=? 
        and wq1_0.farm_id=? 
    order by
        wq1_0.measurement_time desc 
    fetch
        first ? rows only
Hibernate: 
    select
        gu1_0.id,
        gu1_0.account_type,
        gu1_0.created_at,
        gu1_0.email,
        gu1_0.name,
        gu1_0.password 
    from
        global_user gu1_0 
    where
        gu1_0.email=?
Hibernate: 
    select
        m1_0.id,
        m1_0.description,
        m1_0.farm_id,
        m1_0.scheduled_date,
        m1_0.status,
        m1_0.tank_id 
    from
        maintenance m1_0 
    where
        m1_0.farm_id=? 
    fetch
        first ? rows only
Hibernate: 
    select
        gu1_0.id,
        gu1_0.account_type,
        gu1_0.created_at,
        gu1_0.email,
        gu1_0.name,
        gu1_0.password 
    from
        global_user gu1_0 
    where
        gu1_0.email=?
Hibernate: 
    select
        ft1_0.id,
        ft1_0.cnpj,
        ft1_0.created_at,
        ft1_0.name,
        ft1_0.owner_id 
    from
        farm_tenant ft1_0 
    where
        ft1_0.owner_id=? 
    fetch
        first ? rows only
Hibernate: 
    select
        gu1_0.id,
        gu1_0.account_type,
        gu1_0.created_at,
        gu1_0.email,
        gu1_0.name,
        gu1_0.password 
    from
        global_user gu1_0 
    where
        gu1_0.email=?
Hibernate: 
    select
        gu1_0.id,
        gu1_0.account_type,
        gu1_0.created_at,
        gu1_0.email,
        gu1_0.name,
        gu1_0.password 
    from
        global_user gu1_0 
    where
        gu1_0.email=?
Hibernate: 
    select
        t1_0.id,
        t1_0.average_weight_g,
        t1_0.farm_id,
        t1_0.fish_capacity,
        t1_0.fish_species,
        t1_0.mortality_count,
        t1_0.name,
        t1_0.next_harvest_date,
        t1_0.status 
    from
        tank t1_0 
    where
        t1_0.farm_id=? 
    fetch
        first ? rows only
Hibernate: 
    select
        gu1_0.id,
        gu1_0.account_type,
        gu1_0.created_at,
        gu1_0.email,
        gu1_0.name,
        gu1_0.password 
    from
        global_user gu1_0 
    where
        gu1_0.email=?
Hibernate: 
    select
        t1_0.id,
        t1_0.average_weight_g,
        t1_0.farm_id,
        t1_0.fish_capacity,
        t1_0.fish_species,
        t1_0.mortality_count,
        t1_0.name,
        t1_0.next_harvest_date,
        t1_0.status 
    from
        tank t1_0 
    where
        t1_0.farm_id=?
Hibernate: 
    select
        fr1_0.id,
        fr1_0.farm_id,
        fr1_0.feed_id,
        fr1_0.feeding_time,
        fr1_0.quantity,
        fr1_0.tank_id,
        fr1_0.user_id 
    from
        feeding_record fr1_0 
    where
        fr1_0.farm_id=? 
        and fr1_0.feeding_time between ? and ?
Hibernate: 
    select
        count(m1_0.id) 
    from
        maintenance m1_0 
    where
        m1_0.farm_id=? 
        and m1_0.status=?
Hibernate: 
    select
        t1_0.id,
        t1_0.average_weight_g,
        t1_0.farm_id,
        t1_0.fish_capacity,
        t1_0.fish_species,
        t1_0.mortality_count,
        t1_0.name,
        t1_0.next_harvest_date,
        t1_0.status 
    from
        tank t1_0 
    where
        t1_0.farm_id=? 
    fetch
        first ? rows only
Hibernate: 
    select
        gu1_0.id,
        gu1_0.account_type,
        gu1_0.created_at,
        gu1_0.email,
        gu1_0.name,
        gu1_0.password 
    from
        global_user gu1_0 
    where
        gu1_0.email=?
Hibernate: 
    select
        t1_0.id,
        t1_0.average_weight_g,
        t1_0.farm_id,
        t1_0.fish_capacity,
        t1_0.fish_species,
        t1_0.mortality_count,
        t1_0.name,
        t1_0.next_harvest_date,
        t1_0.status 
    from
        tank t1_0 
    where
        t1_0.farm_id=?
Hibernate: 
    select
        fr1_0.id,
        fr1_0.farm_id,
        fr1_0.feed_id,
        fr1_0.feeding_time,
        fr1_0.quantity,
        fr1_0.tank_id,
        fr1_0.user_id 
    from
        feeding_record fr1_0 
    where
        fr1_0.farm_id=? 
        and fr1_0.feeding_time between ? and ?
Hibernate: 
    select
        count(m1_0.id) 
    from
        maintenance m1_0 
    where
        m1_0.farm_id=? 
        and m1_0.status=?
Hibernate: 
    select
        gu1_0.id,
        gu1_0.account_type,
        gu1_0.created_at,
        gu1_0.email,
        gu1_0.name,
        gu1_0.password 
    from
        global_user gu1_0 
    where
        gu1_0.email=?
Hibernate: 
    select
        wq1_0.id,
        wq1_0.dissolved_oxygen,
        wq1_0.farm_id,
        wq1_0.measurement_time,
        wq1_0.ph,
        wq1_0.tank_id,
        wq1_0.temperature 
    from
        water_quality wq1_0 
    where
        wq1_0.tank_id=? 
        and wq1_0.farm_id=? 
    order by
        wq1_0.measurement_time desc 
    fetch
        first ? rows only
Hibernate: 
    select
        gu1_0.id,
        gu1_0.account_type,
        gu1_0.created_at,
        gu1_0.email,
        gu1_0.name,
        gu1_0.password 
    from
        global_user gu1_0 
    where
        gu1_0.email=?
Hibernate: 
    select
        wq1_0.id,
        wq1_0.dissolved_oxygen,
        wq1_0.farm_id,
        wq1_0.measurement_time,
        wq1_0.ph,
        wq1_0.tank_id,
        wq1_0.temperature 
    from
        water_quality wq1_0 
    where
        wq1_0.tank_id=? 
        and wq1_0.farm_id=? 
    order by
        wq1_0.measurement_time desc 
    fetch
        first ? rows only
Hibernate: 
    select
        gu1_0.id,
        gu1_0.account_type,
        gu1_0.created_at,
        gu1_0.email,
        gu1_0.name,
        gu1_0.password 
    from
        global_user gu1_0 
    where
        gu1_0.email=?
Hibernate: 
    select
        wq1_0.id,
        wq1_0.dissolved_oxygen,
        wq1_0.farm_id,
        wq1_0.measurement_time,
        wq1_0.ph,
        wq1_0.tank_id,
        wq1_0.temperature 
    from
        water_quality wq1_0 
    where
        wq1_0.tank_id=? 
        and wq1_0.farm_id=? 
    order by
        wq1_0.measurement_time desc 
    fetch
        first ? rows only
Hibernate: 
    select
        gu1_0.id,
        gu1_0.account_type,
        gu1_0.created_at,
        gu1_0.email,
        gu1_0.name,
        gu1_0.password 
    from
        global_user gu1_0 
    where
        gu1_0.email=?
Hibernate: 
    select
        m1_0.id,
        m1_0.description,
        m1_0.farm_id,
        m1_0.scheduled_date,
        m1_0.status,
        m1_0.tank_id 
    from
        maintenance m1_0 
    where
        m1_0.farm_id=? 
    fetch
        first ? rows only
Hibernate: 
    select
        gu1_0.id,
        gu1_0.account_type,
        gu1_0.created_at,
        gu1_0.email,
        gu1_0.name,
        gu1_0.password 
    from
        global_user gu1_0 
    where
        gu1_0.email=?
Hibernate: 
    select
        gu1_0.id,
        gu1_0.account_type,
        gu1_0.created_at,
        gu1_0.email,
        gu1_0.name,
        gu1_0.password 
    from
        global_user gu1_0 
    where
        gu1_0.email=?
Hibernate: 
    select
        ft1_0.id,
        ft1_0.cnpj,
        ft1_0.created_at,
        ft1_0.name,
        ft1_0.owner_id 
    from
        farm_tenant ft1_0 
    where
        ft1_0.owner_id=? 
    fetch
        first ? rows only
Hibernate: 
    select
        t1_0.id,
        t1_0.average_weight_g,
        t1_0.farm_id,
        t1_0.fish_capacity,
        t1_0.fish_species,
        t1_0.mortality_count,
        t1_0.name,
        t1_0.next_harvest_date,
        t1_0.status 
    from
        tank t1_0 
    where
        t1_0.farm_id=? 
    fetch
        first ? rows only
Hibernate: 
    select
        gu1_0.id,
        gu1_0.account_type,
        gu1_0.created_at,
        gu1_0.email,
        gu1_0.name,
        gu1_0.password 
    from
        global_user gu1_0 
    where
        gu1_0.email=?
Hibernate: 
    select
        t1_0.id,
        t1_0.average_weight_g,
        t1_0.farm_id,
        t1_0.fish_capacity,
        t1_0.fish_species,
        t1_0.mortality_count,
        t1_0.name,
        t1_0.next_harvest_date,
        t1_0.status 
    from
        tank t1_0 
    where
        t1_0.farm_id=?
Hibernate: 
    select
        gu1_0.id,
        gu1_0.account_type,
        gu1_0.created_at,
        gu1_0.email,
        gu1_0.name,
        gu1_0.password 
    from
        global_user gu1_0 
    where
        gu1_0.email=?
Hibernate: 
    select
        fr1_0.id,
        fr1_0.farm_id,
        fr1_0.feed_id,
        fr1_0.feeding_time,
        fr1_0.quantity,
        fr1_0.tank_id,
        fr1_0.user_id 
    from
        feeding_record fr1_0 
    where
        fr1_0.farm_id=? 
        and fr1_0.feeding_time between ? and ?
Hibernate: 
    select
        count(m1_0.id) 
    from
        maintenance m1_0 
    where
        m1_0.farm_id=? 
        and m1_0.status=?
Hibernate: 
    select
        t1_0.id,
        t1_0.average_weight_g,
        t1_0.farm_id,
        t1_0.fish_capacity,
        t1_0.fish_species,
        t1_0.mortality_count,
        t1_0.name,
        t1_0.next_harvest_date,
        t1_0.status 
    from
        tank t1_0 
    where
        t1_0.farm_id=? 
    fetch
        first ? rows only
Hibernate: 
    select
        gu1_0.id,
        gu1_0.account_type,
        gu1_0.created_at,
        gu1_0.email,
        gu1_0.name,
        gu1_0.password 
    from
        global_user gu1_0 
    where
        gu1_0.email=?
Hibernate: 
    select
        t1_0.id,
        t1_0.average_weight_g,
        t1_0.farm_id,
        t1_0.fish_capacity,
        t1_0.fish_species,
        t1_0.mortality_count,
        t1_0.name,
        t1_0.next_harvest_date,
        t1_0.status 
    from
        tank t1_0 
    where
        t1_0.farm_id=?
Hibernate: 
    select
        fr1_0.id,
        fr1_0.farm_id,
        fr1_0.feed_id,
        fr1_0.feeding_time,
        fr1_0.quantity,
        fr1_0.tank_id,
        fr1_0.user_id 
    from
        feeding_record fr1_0 
    where
        fr1_0.farm_id=? 
        and fr1_0.feeding_time between ? and ?
Hibernate: 
    select
        count(m1_0.id) 
    from
        maintenance m1_0 
    where
        m1_0.farm_id=? 
        and m1_0.status=?
Hibernate: 
    select
        gu1_0.id,
        gu1_0.account_type,
        gu1_0.created_at,
        gu1_0.email,
        gu1_0.name,
        gu1_0.password 
    from
        global_user gu1_0 
    where
        gu1_0.email=?
Hibernate: 
    select
        wq1_0.id,
        wq1_0.dissolved_oxygen,
        wq1_0.farm_id,
        wq1_0.measurement_time,
        wq1_0.ph,
        wq1_0.tank_id,
        wq1_0.temperature 
    from
        water_quality wq1_0 
    where
        wq1_0.tank_id=? 
        and wq1_0.farm_id=? 
    order by
        wq1_0.measurement_time desc 
    fetch
        first ? rows only
Hibernate: 
    select
        gu1_0.id,
        gu1_0.account_type,
        gu1_0.created_at,
        gu1_0.email,
        gu1_0.name,
        gu1_0.password 
    from
        global_user gu1_0 
    where
        gu1_0.email=?
Hibernate: 
    select
        wq1_0.id,
        wq1_0.dissolved_oxygen,
        wq1_0.farm_id,
        wq1_0.measurement_time,
        wq1_0.ph,
        wq1_0.tank_id,
        wq1_0.temperature 
    from
        water_quality wq1_0 
    where
        wq1_0.tank_id=? 
        and wq1_0.farm_id=? 
    order by
        wq1_0.measurement_time desc 
    fetch
        first ? rows only
Hibernate: 
    select
        gu1_0.id,
        gu1_0.account_type,
        gu1_0.created_at,
        gu1_0.email,
        gu1_0.name,
        gu1_0.password 
    from
        global_user gu1_0 
    where
        gu1_0.email=?
Hibernate: 
    select
        wq1_0.id,
        wq1_0.dissolved_oxygen,
        wq1_0.farm_id,
        wq1_0.measurement_time,
        wq1_0.ph,
        wq1_0.tank_id,
        wq1_0.temperature 
    from
        water_quality wq1_0 
    where
        wq1_0.tank_id=? 
        and wq1_0.farm_id=? 
    order by
        wq1_0.measurement_time desc 
    fetch
        first ? rows only
Hibernate: 
    select
        gu1_0.id,
        gu1_0.account_type,
        gu1_0.created_at,
        gu1_0.email,
        gu1_0.name,
        gu1_0.password 
    from
        global_user gu1_0 
    where
        gu1_0.email=?
Hibernate: 
    select
        wq1_0.id,
        wq1_0.dissolved_oxygen,
        wq1_0.farm_id,
        wq1_0.measurement_time,
        wq1_0.ph,
        wq1_0.tank_id,
        wq1_0.temperature 
    from
        water_quality wq1_0 
    where
        wq1_0.farm_id=? 
    fetch
        first ? rows only
Hibernate: 
    select
        gu1_0.id,
        gu1_0.account_type,
        gu1_0.created_at,
        gu1_0.email,
        gu1_0.name,
        gu1_0.password 
    from
        global_user gu1_0 
    where
        gu1_0.email=?
Hibernate: 
    select
        m1_0.id,
        m1_0.description,
        m1_0.farm_id,
        m1_0.scheduled_date,
        m1_0.status,
        m1_0.tank_id 
    from
        maintenance m1_0 
    where
        m1_0.farm_id=? 
    fetch
        first ? rows only
Hibernate: 
    select
        gu1_0.id,
        gu1_0.account_type,
        gu1_0.created_at,
        gu1_0.email,
        gu1_0.name,
        gu1_0.password 
    from
        global_user gu1_0 
    where
        gu1_0.email=?
Hibernate: 
    select
        gu1_0.id,
        gu1_0.account_type,
        gu1_0.created_at,
        gu1_0.email,
        gu1_0.name,
        gu1_0.password 
    from
        global_user gu1_0 
    where
        gu1_0.email=?
Hibernate: 
    select
        ft1_0.id,
        ft1_0.cnpj,
        ft1_0.created_at,
        ft1_0.name,
        ft1_0.owner_id 
    from
        farm_tenant ft1_0 
    where
        ft1_0.owner_id=? 
    fetch
        first ? rows only
Hibernate: 
    select
        wq1_0.id,
        wq1_0.dissolved_oxygen,
        wq1_0.farm_id,
        wq1_0.measurement_time,
        wq1_0.ph,
        wq1_0.tank_id,
        wq1_0.temperature 
    from
        water_quality wq1_0 
    where
        wq1_0.farm_id=? 
    fetch
        first ? rows only
Hibernate: 
    select
        gu1_0.id,
        gu1_0.account_type,
        gu1_0.created_at,
        gu1_0.email,
        gu1_0.name,
        gu1_0.password 
    from
        global_user gu1_0 
    where
        gu1_0.email=?
Hibernate: 
    select
        t1_0.id,
        t1_0.average_weight_g,
        t1_0.farm_id,
        t1_0.fish_capacity,
        t1_0.fish_species,
        t1_0.mortality_count,
        t1_0.name,
        t1_0.next_harvest_date,
        t1_0.status 
    from
        tank t1_0 
    where
        t1_0.farm_id=? 
    fetch
        first ? rows only
Hibernate: 
    select
        gu1_0.id,
        gu1_0.account_type,
        gu1_0.created_at,
        gu1_0.email,
        gu1_0.name,
        gu1_0.password 
    from
        global_user gu1_0 
    where
        gu1_0.email=?
Hibernate: 
    select
        t1_0.id,
        t1_0.average_weight_g,
        t1_0.farm_id,
        t1_0.fish_capacity,
        t1_0.fish_species,
        t1_0.mortality_count,
        t1_0.name,
        t1_0.next_harvest_date,
        t1_0.status 
    from
        tank t1_0 
    where
        t1_0.farm_id=?
Hibernate: 
    select
        fr1_0.id,
        fr1_0.farm_id,
        fr1_0.feed_id,
        fr1_0.feeding_time,
        fr1_0.quantity,
        fr1_0.tank_id,
        fr1_0.user_id 
    from
        feeding_record fr1_0 
    where
        fr1_0.farm_id=? 
        and fr1_0.feeding_time between ? and ?
Hibernate: 
    select
        count(m1_0.id) 
    from
        maintenance m1_0 
    where
        m1_0.farm_id=? 
        and m1_0.status=?
Hibernate: 
    select
        gu1_0.id,
        gu1_0.account_type,
        gu1_0.created_at,
        gu1_0.email,
        gu1_0.name,
        gu1_0.password 
    from
        global_user gu1_0 
    where
        gu1_0.email=?
Hibernate: 
    select
        wq1_0.id,
        wq1_0.dissolved_oxygen,
        wq1_0.farm_id,
        wq1_0.measurement_time,
        wq1_0.ph,
        wq1_0.tank_id,
        wq1_0.temperature 
    from
        water_quality wq1_0 
    where
        wq1_0.tank_id=? 
        and wq1_0.farm_id=? 
    order by
        wq1_0.measurement_time desc 
    fetch
        first ? rows only
Hibernate: 
    select
        gu1_0.id,
        gu1_0.account_type,
        gu1_0.created_at,
        gu1_0.email,
        gu1_0.name,
        gu1_0.password 
    from
        global_user gu1_0 
    where
        gu1_0.email=?
Hibernate: 
    select
        wq1_0.id,
        wq1_0.dissolved_oxygen,
        wq1_0.farm_id,
        wq1_0.measurement_time,
        wq1_0.ph,
        wq1_0.tank_id,
        wq1_0.temperature 
    from
        water_quality wq1_0 
    where
        wq1_0.tank_id=? 
        and wq1_0.farm_id=? 
    order by
        wq1_0.measurement_time desc 
    fetch
        first ? rows only
Hibernate: 
    select
        gu1_0.id,
        gu1_0.account_type,
        gu1_0.created_at,
        gu1_0.email,
        gu1_0.name,
        gu1_0.password 
    from
        global_user gu1_0 
    where
        gu1_0.email=?
Hibernate: 
    select
        gu1_0.id,
        gu1_0.account_type,
        gu1_0.created_at,
        gu1_0.email,
        gu1_0.name,
        gu1_0.password 
    from
        global_user gu1_0 
    where
        gu1_0.email=?
Hibernate: 
    select
        t1_0.id,
        t1_0.average_weight_g,
        t1_0.farm_id,
        t1_0.fish_capacity,
        t1_0.fish_species,
        t1_0.mortality_count,
        t1_0.name,
        t1_0.next_harvest_date,
        t1_0.status 
    from
        tank t1_0 
    where
        t1_0.farm_id=? 
    fetch
        first ? rows only
Hibernate: 
    select
        wq1_0.id,
        wq1_0.dissolved_oxygen,
        wq1_0.farm_id,
        wq1_0.measurement_time,
        wq1_0.ph,
        wq1_0.tank_id,
        wq1_0.temperature 
    from
        water_quality wq1_0 
    where
        wq1_0.tank_id=? 
        and wq1_0.farm_id=? 
    order by
        wq1_0.measurement_time desc 
    fetch
        first ? rows only
Hibernate: 
    select
        gu1_0.id,
        gu1_0.account_type,
        gu1_0.created_at,
        gu1_0.email,
        gu1_0.name,
        gu1_0.password 
    from
        global_user gu1_0 
    where
        gu1_0.email=?
Hibernate: 
    select
        t1_0.id,
        t1_0.average_weight_g,
        t1_0.farm_id,
        t1_0.fish_capacity,
        t1_0.fish_species,
        t1_0.mortality_count,
        t1_0.name,
        t1_0.next_harvest_date,
        t1_0.status 
    from
        tank t1_0 
    where
        t1_0.farm_id=?
Hibernate: 
    select
        fr1_0.id,
        fr1_0.farm_id,
        fr1_0.feed_id,
        fr1_0.feeding_time,
        fr1_0.quantity,
        fr1_0.tank_id,
        fr1_0.user_id 
    from
        feeding_record fr1_0 
    where
        fr1_0.farm_id=? 
        and fr1_0.feeding_time between ? and ?
Hibernate: 
    select
        count(m1_0.id) 
    from
        maintenance m1_0 
    where
        m1_0.farm_id=? 
        and m1_0.status=?
Hibernate: 
    select
        gu1_0.id,
        gu1_0.account_type,
        gu1_0.created_at,
        gu1_0.email,
        gu1_0.name,
        gu1_0.password 
    from
        global_user gu1_0 
    where
        gu1_0.email=?
Hibernate: 
    select
        ft1_0.id,
        ft1_0.amount,
        ft1_0.farm_id,
        ft1_0.transaction_date,
        ft1_0.type 
    from
        financial_transaction ft1_0 
    where
        ft1_0.farm_id=? 
    fetch
        first ? rows only
Hibernate: 
    select
        gu1_0.id,
        gu1_0.account_type,
        gu1_0.created_at,
        gu1_0.email,
        gu1_0.name,
        gu1_0.password 
    from
        global_user gu1_0 
    where
        gu1_0.email=?
Hibernate: 
    select
        ufl1_0.farm_id,
        ufl1_0.user_id,
        ufl1_0.access_role 
    from
        user_farm_link ufl1_0 
    where
        ufl1_0.farm_id=? 
        and ufl1_0.access_role=?
Hibernate: 
    select
        gu1_0.id,
        gu1_0.account_type,
        gu1_0.created_at,
        gu1_0.email,
        gu1_0.name,
        gu1_0.password 
    from
        global_user gu1_0 
    where
        gu1_0.id=?
Hibernate: 
    select
        gu1_0.id,
        gu1_0.account_type,
        gu1_0.created_at,
        gu1_0.email,
        gu1_0.name,
        gu1_0.password 
    from
        global_user gu1_0 
    where
        gu1_0.email=?
Hibernate: 
    select
        gu1_0.id,
        gu1_0.account_type,
        gu1_0.created_at,
        gu1_0.email,
        gu1_0.name,
        gu1_0.password 
    from
        global_user gu1_0 
    where
        gu1_0.email=?
Hibernate: 
    select
        m1_0.id,
        m1_0.description,
        m1_0.farm_id,
        m1_0.scheduled_date,
        m1_0.status,
        m1_0.tank_id 
    from
        maintenance m1_0 
    where
        m1_0.farm_id=? 
    fetch
        first ? rows only
Hibernate: 
    select
        ft1_0.id,
        ft1_0.cnpj,
        ft1_0.created_at,
        ft1_0.name,
        ft1_0.owner_id 
    from
        farm_tenant ft1_0 
    where
        ft1_0.owner_id=? 
    fetch
        first ? rows only
Hibernate: 
    select
        gu1_0.id,
        gu1_0.account_type,
        gu1_0.created_at,
        gu1_0.email,
        gu1_0.name,
        gu1_0.password 
    from
        global_user gu1_0 
    where
        gu1_0.email=?
Hibernate: 
    select
        gu1_0.id,
        gu1_0.account_type,
        gu1_0.created_at,
        gu1_0.email,
        gu1_0.name,
        gu1_0.password 
    from
        global_user gu1_0 
    where
        gu1_0.email=?
Hibernate: 
    select
        m1_0.id,
        m1_0.description,
        m1_0.farm_id,
        m1_0.scheduled_date,
        m1_0.status,
        m1_0.tank_id 
    from
        maintenance m1_0 
    where
        m1_0.farm_id=? 
    fetch
        first ? rows only
Hibernate: 
    select
        ft1_0.id,
        ft1_0.cnpj,
        ft1_0.created_at,
        ft1_0.name,
        ft1_0.owner_id 
    from
        farm_tenant ft1_0 
    where
        ft1_0.owner_id=? 
    fetch
        first ? rows only
Hibernate: 
    select
        gu1_0.id,
        gu1_0.account_type,
        gu1_0.created_at,
        gu1_0.email,
        gu1_0.name,
        gu1_0.password 
    from
        global_user gu1_0 
    where
        gu1_0.email=?
Hibernate: 
    select
        gu1_0.id,
        gu1_0.account_type,
        gu1_0.created_at,
        gu1_0.email,
        gu1_0.name,
        gu1_0.password 
    from
        global_user gu1_0 
    where
        gu1_0.email=?
Hibernate: 
    select
        t1_0.id,
        t1_0.average_weight_g,
        t1_0.farm_id,
        t1_0.fish_capacity,
        t1_0.fish_species,
        t1_0.mortality_count,
        t1_0.name,
        t1_0.next_harvest_date,
        t1_0.status 
    from
        tank t1_0 
    where
        t1_0.farm_id=? 
    fetch
        first ? rows only
Hibernate: 
    select
        wq1_0.id,
        wq1_0.dissolved_oxygen,
        wq1_0.farm_id,
        wq1_0.measurement_time,
        wq1_0.ph,
        wq1_0.tank_id,
        wq1_0.temperature 
    from
        water_quality wq1_0 
    where
        wq1_0.farm_id=? 
    fetch
        first ? rows only
Hibernate: 
    select
        gu1_0.id,
        gu1_0.account_type,
        gu1_0.created_at,
        gu1_0.email,
        gu1_0.name,
        gu1_0.password 
    from
        global_user gu1_0 
    where
        gu1_0.email=?
Hibernate: 
    select
        t1_0.id,
        t1_0.average_weight_g,
        t1_0.farm_id,
        t1_0.fish_capacity,
        t1_0.fish_species,
        t1_0.mortality_count,
        t1_0.name,
        t1_0.next_harvest_date,
        t1_0.status 
    from
        tank t1_0 
    where
        t1_0.farm_id=?
Hibernate: 
    select
        fr1_0.id,
        fr1_0.farm_id,
        fr1_0.feed_id,
        fr1_0.feeding_time,
        fr1_0.quantity,
        fr1_0.tank_id,
        fr1_0.user_id 
    from
        feeding_record fr1_0 
    where
        fr1_0.farm_id=? 
        and fr1_0.feeding_time between ? and ?
Hibernate: 
    select
        count(m1_0.id) 
    from
        maintenance m1_0 
    where
        m1_0.farm_id=? 
        and m1_0.status=?
Hibernate: 
    select
        gu1_0.id,
        gu1_0.account_type,
        gu1_0.created_at,
        gu1_0.email,
        gu1_0.name,
        gu1_0.password 
    from
        global_user gu1_0 
    where
        gu1_0.email=?
Hibernate: 
    select
        gu1_0.id,
        gu1_0.account_type,
        gu1_0.created_at,
        gu1_0.email,
        gu1_0.name,
        gu1_0.password 
    from
        global_user gu1_0 
    where
        gu1_0.email=?
Hibernate: 
    select
        wq1_0.id,
        wq1_0.dissolved_oxygen,
        wq1_0.farm_id,
        wq1_0.measurement_time,
        wq1_0.ph,
        wq1_0.tank_id,
        wq1_0.temperature 
    from
        water_quality wq1_0 
    where
        wq1_0.tank_id=? 
        and wq1_0.farm_id=? 
    order by
        wq1_0.measurement_time desc 
    fetch
        first ? rows only
Hibernate: 
    select
        t1_0.id,
        t1_0.average_weight_g,
        t1_0.farm_id,
        t1_0.fish_capacity,
        t1_0.fish_species,
        t1_0.mortality_count,
        t1_0.name,
        t1_0.next_harvest_date,
        t1_0.status 
    from
        tank t1_0 
    where
        t1_0.farm_id=? 
    fetch
        first ? rows only
Hibernate: 
    select
        gu1_0.id,
        gu1_0.account_type,
        gu1_0.created_at,
        gu1_0.email,
        gu1_0.name,
        gu1_0.password 
    from
        global_user gu1_0 
    where
        gu1_0.email=?
Hibernate: 
    select
        gu1_0.id,
        gu1_0.account_type,
        gu1_0.created_at,
        gu1_0.email,
        gu1_0.name,
        gu1_0.password 
    from
        global_user gu1_0 
    where
        gu1_0.email=?
Hibernate: 
    select
        wq1_0.id,
        wq1_0.dissolved_oxygen,
        wq1_0.farm_id,
        wq1_0.measurement_time,
        wq1_0.ph,
        wq1_0.tank_id,
        wq1_0.temperature 
    from
        water_quality wq1_0 
    where
        wq1_0.tank_id=? 
        and wq1_0.farm_id=? 
    order by
        wq1_0.measurement_time desc 
    fetch
        first ? rows only
Hibernate: 
    select
        wq1_0.id,
        wq1_0.dissolved_oxygen,
        wq1_0.farm_id,
        wq1_0.measurement_time,
        wq1_0.ph,
        wq1_0.tank_id,
        wq1_0.temperature 
    from
        water_quality wq1_0 
    where
        wq1_0.tank_id=? 
        and wq1_0.farm_id=? 
    order by
        wq1_0.measurement_time desc 
    fetch
        first ? rows only
Hibernate: 
    select
        gu1_0.id,
        gu1_0.account_type,
        gu1_0.created_at,
        gu1_0.email,
        gu1_0.name,
        gu1_0.password 
    from
        global_user gu1_0 
    where
        gu1_0.email=?
Hibernate: 
    select
        t1_0.id,
        t1_0.average_weight_g,
        t1_0.farm_id,
        t1_0.fish_capacity,
        t1_0.fish_species,
        t1_0.mortality_count,
        t1_0.name,
        t1_0.next_harvest_date,
        t1_0.status 
    from
        tank t1_0 
    where
        t1_0.farm_id=?
Hibernate: 
    select
        fr1_0.id,
        fr1_0.farm_id,
        fr1_0.feed_id,
        fr1_0.feeding_time,
        fr1_0.quantity,
        fr1_0.tank_id,
        fr1_0.user_id 
    from
        feeding_record fr1_0 
    where
        fr1_0.farm_id=? 
        and fr1_0.feeding_time between ? and ?
Hibernate: 
    select
        count(m1_0.id) 
    from
        maintenance m1_0 
    where
        m1_0.farm_id=? 
        and m1_0.status=?
Hibernate: 
    select
        gu1_0.id,
        gu1_0.account_type,
        gu1_0.created_at,
        gu1_0.email,
        gu1_0.name,
        gu1_0.password 
    from
        global_user gu1_0 
    where
        gu1_0.email=?
Hibernate: 
    select
        m1_0.id,
        m1_0.description,
        m1_0.farm_id,
        m1_0.scheduled_date,
        m1_0.status,
        m1_0.tank_id 
    from
        maintenance m1_0 
    where
        m1_0.farm_id=? 
    fetch
        first ? rows only
Hibernate: 
    select
        gu1_0.id,
        gu1_0.account_type,
        gu1_0.created_at,
        gu1_0.email,
        gu1_0.name,
        gu1_0.password 
    from
        global_user gu1_0 
    where
        gu1_0.email=?
Hibernate: 
    select
        gu1_0.id,
        gu1_0.account_type,
        gu1_0.created_at,
        gu1_0.email,
        gu1_0.name,
        gu1_0.password 
    from
        global_user gu1_0 
    where
        gu1_0.email=?
Hibernate: 
    select
        ft1_0.id,
        ft1_0.cnpj,
        ft1_0.created_at,
        ft1_0.name,
        ft1_0.owner_id 
    from
        farm_tenant ft1_0 
    where
        ft1_0.owner_id=? 
    fetch
        first ? rows only
Hibernate: 
    select
        gu1_0.id,
        gu1_0.account_type,
        gu1_0.created_at,
        gu1_0.email,
        gu1_0.name,
        gu1_0.password 
    from
        global_user gu1_0 
    where
        gu1_0.email=?
Hibernate: 
    select
        t1_0.id,
        t1_0.average_weight_g,
        t1_0.farm_id,
        t1_0.fish_capacity,
        t1_0.fish_species,
        t1_0.mortality_count,
        t1_0.name,
        t1_0.next_harvest_date,
        t1_0.status 
    from
        tank t1_0 
    where
        t1_0.farm_id=? 
    fetch
        first ? rows only
Hibernate: 
    select
        t1_0.id,
        t1_0.average_weight_g,
        t1_0.farm_id,
        t1_0.fish_capacity,
        t1_0.fish_species,
        t1_0.mortality_count,
        t1_0.name,
        t1_0.next_harvest_date,
        t1_0.status 
    from
        tank t1_0 
    where
        t1_0.farm_id=?
Hibernate: 
    select
        gu1_0.id,
        gu1_0.account_type,
        gu1_0.created_at,
        gu1_0.email,
        gu1_0.name,
        gu1_0.password 
    from
        global_user gu1_0 
    where
        gu1_0.email=?
Hibernate: 
    select
        fr1_0.id,
        fr1_0.farm_id,
        fr1_0.feed_id,
        fr1_0.feeding_time,
        fr1_0.quantity,
        fr1_0.tank_id,
        fr1_0.user_id 
    from
        feeding_record fr1_0 
    where
        fr1_0.farm_id=? 
        and fr1_0.feeding_time between ? and ?
Hibernate: 
    select
        count(m1_0.id) 
    from
        maintenance m1_0 
    where
        m1_0.farm_id=? 
        and m1_0.status=?
Hibernate: 
    select
        t1_0.id,
        t1_0.average_weight_g,
        t1_0.farm_id,
        t1_0.fish_capacity,
        t1_0.fish_species,
        t1_0.mortality_count,
        t1_0.name,
        t1_0.next_harvest_date,
        t1_0.status 
    from
        tank t1_0 
    where
        t1_0.farm_id=? 
    fetch
        first ? rows only
Hibernate: 
    select
        gu1_0.id,
        gu1_0.account_type,
        gu1_0.created_at,
        gu1_0.email,
        gu1_0.name,
        gu1_0.password 
    from
        global_user gu1_0 
    where
        gu1_0.email=?
Hibernate: 
    select
        t1_0.id,
        t1_0.average_weight_g,
        t1_0.farm_id,
        t1_0.fish_capacity,
        t1_0.fish_species,
        t1_0.mortality_count,
        t1_0.name,
        t1_0.next_harvest_date,
        t1_0.status 
    from
        tank t1_0 
    where
        t1_0.farm_id=?
Hibernate: 
    select
        fr1_0.id,
        fr1_0.farm_id,
        fr1_0.feed_id,
        fr1_0.feeding_time,
        fr1_0.quantity,
        fr1_0.tank_id,
        fr1_0.user_id 
    from
        feeding_record fr1_0 
    where
        fr1_0.farm_id=? 
        and fr1_0.feeding_time between ? and ?
Hibernate: 
    select
        count(m1_0.id) 
    from
        maintenance m1_0 
    where
        m1_0.farm_id=? 
        and m1_0.status=?
Hibernate: 
    select
        gu1_0.id,
        gu1_0.account_type,
        gu1_0.created_at,
        gu1_0.email,
        gu1_0.name,
        gu1_0.password 
    from
        global_user gu1_0 
    where
        gu1_0.email=?
Hibernate: 
    select
        wq1_0.id,
        wq1_0.dissolved_oxygen,
        wq1_0.farm_id,
        wq1_0.measurement_time,
        wq1_0.ph,
        wq1_0.tank_id,
        wq1_0.temperature 
    from
        water_quality wq1_0 
    where
        wq1_0.tank_id=? 
        and wq1_0.farm_id=? 
    order by
        wq1_0.measurement_time desc 
    fetch
        first ? rows only
Hibernate: 
    select
        gu1_0.id,
        gu1_0.account_type,
        gu1_0.created_at,
        gu1_0.email,
        gu1_0.name,
        gu1_0.password 
    from
        global_user gu1_0 
    where
        gu1_0.email=?
Hibernate: 
    select
        wq1_0.id,
        wq1_0.dissolved_oxygen,
        wq1_0.farm_id,
        wq1_0.measurement_time,
        wq1_0.ph,
        wq1_0.tank_id,
        wq1_0.temperature 
    from
        water_quality wq1_0 
    where
        wq1_0.tank_id=? 
        and wq1_0.farm_id=? 
    order by
        wq1_0.measurement_time desc 
    fetch
        first ? rows only
Hibernate: 
    select
        gu1_0.id,
        gu1_0.account_type,
        gu1_0.created_at,
        gu1_0.email,
        gu1_0.name,
        gu1_0.password 
    from
        global_user gu1_0 
    where
        gu1_0.email=?
Hibernate: 
    select
        wq1_0.id,
        wq1_0.dissolved_oxygen,
        wq1_0.farm_id,
        wq1_0.measurement_time,
        wq1_0.ph,
        wq1_0.tank_id,
        wq1_0.temperature 
    from
        water_quality wq1_0 
    where
        wq1_0.tank_id=? 
        and wq1_0.farm_id=? 
    order by
        wq1_0.measurement_time desc 
    fetch
        first ? rows only
Hibernate: 
    select
        gu1_0.id,
        gu1_0.account_type,
        gu1_0.created_at,
        gu1_0.email,
        gu1_0.name,
        gu1_0.password 
    from
        global_user gu1_0 
    where
        gu1_0.email=?
Hibernate: 
    select
        m1_0.id,
        m1_0.description,
        m1_0.farm_id,
        m1_0.scheduled_date,
        m1_0.status,
        m1_0.tank_id 
    from
        maintenance m1_0 
    where
        m1_0.farm_id=? 
    fetch
        first ? rows only
Hibernate: 
    select
        gu1_0.id,
        gu1_0.account_type,
        gu1_0.created_at,
        gu1_0.email,
        gu1_0.name,
        gu1_0.password 
    from
        global_user gu1_0 
    where
        gu1_0.email=?
Hibernate: 
    select
        gu1_0.id,
        gu1_0.account_type,
        gu1_0.created_at,
        gu1_0.email,
        gu1_0.name,
        gu1_0.password 
    from
        global_user gu1_0 
    where
        gu1_0.email=?
Hibernate: 
    select
        ft1_0.id,
        ft1_0.cnpj,
        ft1_0.created_at,
        ft1_0.name,
        ft1_0.owner_id 
    from
        farm_tenant ft1_0 
    where
        ft1_0.owner_id=? 
    fetch
        first ? rows only
Hibernate: 
    select
        t1_0.id,
        t1_0.average_weight_g,
        t1_0.farm_id,
        t1_0.fish_capacity,
        t1_0.fish_species,
        t1_0.mortality_count,
        t1_0.name,
        t1_0.next_harvest_date,
        t1_0.status 
    from
        tank t1_0 
    where
        t1_0.farm_id=? 
    fetch
        first ? rows only
Hibernate: 
    select
        gu1_0.id,
        gu1_0.account_type,
        gu1_0.created_at,
        gu1_0.email,
        gu1_0.name,
        gu1_0.password 
    from
        global_user gu1_0 
    where
        gu1_0.email=?
Hibernate: 
    select
        gu1_0.id,
        gu1_0.account_type,
        gu1_0.created_at,
        gu1_0.email,
        gu1_0.name,
        gu1_0.password 
    from
        global_user gu1_0 
    where
        gu1_0.email=?
Hibernate: 
    select
        t1_0.id,
        t1_0.average_weight_g,
        t1_0.farm_id,
        t1_0.fish_capacity,
        t1_0.fish_species,
        t1_0.mortality_count,
        t1_0.name,
        t1_0.next_harvest_date,
        t1_0.status 
    from
        tank t1_0 
    where
        t1_0.farm_id=?
Hibernate: 
    select
        fr1_0.id,
        fr1_0.farm_id,
        fr1_0.feed_id,
        fr1_0.feeding_time,
        fr1_0.quantity,
        fr1_0.tank_id,
        fr1_0.user_id 
    from
        feeding_record fr1_0 
    where
        fr1_0.farm_id=? 
        and fr1_0.feeding_time between ? and ?
Hibernate: 
    select
        count(m1_0.id) 
    from
        maintenance m1_0 
    where
        m1_0.farm_id=? 
        and m1_0.status=?
Hibernate: 
    select
        t1_0.id,
        t1_0.average_weight_g,
        t1_0.farm_id,
        t1_0.fish_capacity,
        t1_0.fish_species,
        t1_0.mortality_count,
        t1_0.name,
        t1_0.next_harvest_date,
        t1_0.status 
    from
        tank t1_0 
    where
        t1_0.farm_id=? 
    fetch
        first ? rows only
Hibernate: 
    select
        gu1_0.id,
        gu1_0.account_type,
        gu1_0.created_at,
        gu1_0.email,
        gu1_0.name,
        gu1_0.password 
    from
        global_user gu1_0 
    where
        gu1_0.email=?
Hibernate: 
    select
        t1_0.id,
        t1_0.average_weight_g,
        t1_0.farm_id,
        t1_0.fish_capacity,
        t1_0.fish_species,
        t1_0.mortality_count,
        t1_0.name,
        t1_0.next_harvest_date,
        t1_0.status 
    from
        tank t1_0 
    where
        t1_0.farm_id=?
Hibernate: 
    select
        fr1_0.id,
        fr1_0.farm_id,
        fr1_0.feed_id,
        fr1_0.feeding_time,
        fr1_0.quantity,
        fr1_0.tank_id,
        fr1_0.user_id 
    from
        feeding_record fr1_0 
    where
        fr1_0.farm_id=? 
        and fr1_0.feeding_time between ? and ?
Hibernate: 
    select
        count(m1_0.id) 
    from
        maintenance m1_0 
    where
        m1_0.farm_id=? 
        and m1_0.status=?
Hibernate: 
    select
        gu1_0.id,
        gu1_0.account_type,
        gu1_0.created_at,
        gu1_0.email,
        gu1_0.name,
        gu1_0.password 
    from
        global_user gu1_0 
    where
        gu1_0.email=?
Hibernate: 
    select
        wq1_0.id,
        wq1_0.dissolved_oxygen,
        wq1_0.farm_id,
        wq1_0.measurement_time,
        wq1_0.ph,
        wq1_0.tank_id,
        wq1_0.temperature 
    from
        water_quality wq1_0 
    where
        wq1_0.tank_id=? 
        and wq1_0.farm_id=? 
    order by
        wq1_0.measurement_time desc 
    fetch
        first ? rows only
Hibernate: 
    select
        gu1_0.id,
        gu1_0.account_type,
        gu1_0.created_at,
        gu1_0.email,
        gu1_0.name,
        gu1_0.password 
    from
        global_user gu1_0 
    where
        gu1_0.email=?
Hibernate: 
    select
        wq1_0.id,
        wq1_0.dissolved_oxygen,
        wq1_0.farm_id,
        wq1_0.measurement_time,
        wq1_0.ph,
        wq1_0.tank_id,
        wq1_0.temperature 
    from
        water_quality wq1_0 
    where
        wq1_0.tank_id=? 
        and wq1_0.farm_id=? 
    order by
        wq1_0.measurement_time desc 
    fetch
        first ? rows only
Hibernate: 
    select
        gu1_0.id,
        gu1_0.account_type,
        gu1_0.created_at,
        gu1_0.email,
        gu1_0.name,
        gu1_0.password 
    from
        global_user gu1_0 
    where
        gu1_0.email=?
Hibernate: 
    select
        wq1_0.id,
        wq1_0.dissolved_oxygen,
        wq1_0.farm_id,
        wq1_0.measurement_time,
        wq1_0.ph,
        wq1_0.tank_id,
        wq1_0.temperature 
    from
        water_quality wq1_0 
    where
        wq1_0.tank_id=? 
        and wq1_0.farm_id=? 
    order by
        wq1_0.measurement_time desc 
    fetch
        first ? rows only
Hibernate: 
    select
        gu1_0.id,
        gu1_0.account_type,
        gu1_0.created_at,
        gu1_0.email,
        gu1_0.name,
        gu1_0.password 
    from
        global_user gu1_0 
    where
        gu1_0.email=?
Hibernate: 
    select
        m1_0.id,
        m1_0.description,
        m1_0.farm_id,
        m1_0.scheduled_date,
        m1_0.status,
        m1_0.tank_id 
    from
        maintenance m1_0 
    where
        m1_0.farm_id=? 
    fetch
        first ? rows only
Hibernate: 
    select
        gu1_0.id,
        gu1_0.account_type,
        gu1_0.created_at,
        gu1_0.email,
        gu1_0.name,
        gu1_0.password 
    from
        global_user gu1_0 
    where
        gu1_0.email=?
Hibernate: 
    select
        ft1_0.id,
        ft1_0.cnpj,
        ft1_0.created_at,
        ft1_0.name,
        ft1_0.owner_id 
    from
        farm_tenant ft1_0 
    where
        ft1_0.owner_id=? 
    fetch
        first ? rows only
Hibernate: 
    select
        gu1_0.id,
        gu1_0.account_type,
        gu1_0.created_at,
        gu1_0.email,
        gu1_0.name,
        gu1_0.password 
    from
        global_user gu1_0 
    where
        gu1_0.email=?
Hibernate: 
    select
        t1_0.id,
        t1_0.average_weight_g,
        t1_0.farm_id,
        t1_0.fish_capacity,
        t1_0.fish_species,
        t1_0.mortality_count,
        t1_0.name,
        t1_0.next_harvest_date,
        t1_0.status 
    from
        tank t1_0 
    where
        t1_0.farm_id=? 
    fetch
        first ? rows only
Hibernate: 
    select
        gu1_0.id,
        gu1_0.account_type,
        gu1_0.created_at,
        gu1_0.email,
        gu1_0.name,
        gu1_0.password 
    from
        global_user gu1_0 
    where
        gu1_0.email=?
Hibernate: 
    select
        t1_0.id,
        t1_0.average_weight_g,
        t1_0.farm_id,
        t1_0.fish_capacity,
        t1_0.fish_species,
        t1_0.mortality_count,
        t1_0.name,
        t1_0.next_harvest_date,
        t1_0.status 
    from
        tank t1_0 
    where
        t1_0.farm_id=?
Hibernate: 
    select
        fr1_0.id,
        fr1_0.farm_id,
        fr1_0.feed_id,
        fr1_0.feeding_time,
        fr1_0.quantity,
        fr1_0.tank_id,
        fr1_0.user_id 
    from
        feeding_record fr1_0 
    where
        fr1_0.farm_id=? 
        and fr1_0.feeding_time between ? and ?
Hibernate: 
    select
        gu1_0.id,
        gu1_0.account_type,
        gu1_0.created_at,
        gu1_0.email,
        gu1_0.name,
        gu1_0.password 
    from
        global_user gu1_0 
    where
        gu1_0.email=?
Hibernate: 
    select
        count(m1_0.id) 
    from
        maintenance m1_0 
    where
        m1_0.farm_id=? 
        and m1_0.status=?
Hibernate: 
    select
        t1_0.id,
        t1_0.average_weight_g,
        t1_0.farm_id,
        t1_0.fish_capacity,
        t1_0.fish_species,
        t1_0.mortality_count,
        t1_0.name,
        t1_0.next_harvest_date,
        t1_0.status 
    from
        tank t1_0 
    where
        t1_0.farm_id=? 
    fetch
        first ? rows only
Hibernate: 
    select
        gu1_0.id,
        gu1_0.account_type,
        gu1_0.created_at,
        gu1_0.email,
        gu1_0.name,
        gu1_0.password 
    from
        global_user gu1_0 
    where
        gu1_0.email=?
Hibernate: 
    select
        t1_0.id,
        t1_0.average_weight_g,
        t1_0.farm_id,
        t1_0.fish_capacity,
        t1_0.fish_species,
        t1_0.mortality_count,
        t1_0.name,
        t1_0.next_harvest_date,
        t1_0.status 
    from
        tank t1_0 
    where
        t1_0.farm_id=?
Hibernate: 
    select
        fr1_0.id,
        fr1_0.farm_id,
        fr1_0.feed_id,
        fr1_0.feeding_time,
        fr1_0.quantity,
        fr1_0.tank_id,
        fr1_0.user_id 
    from
        feeding_record fr1_0 
    where
        fr1_0.farm_id=? 
        and fr1_0.feeding_time between ? and ?
Hibernate: 
    select
        count(m1_0.id) 
    from
        maintenance m1_0 
    where
        m1_0.farm_id=? 
        and m1_0.status=?
Hibernate: 
    select
        gu1_0.id,
        gu1_0.account_type,
        gu1_0.created_at,
        gu1_0.email,
        gu1_0.name,
        gu1_0.password 
    from
        global_user gu1_0 
    where
        gu1_0.email=?
Hibernate: 
    select
        wq1_0.id,
        wq1_0.dissolved_oxygen,
        wq1_0.farm_id,
        wq1_0.measurement_time,
        wq1_0.ph,
        wq1_0.tank_id,
        wq1_0.temperature 
    from
        water_quality wq1_0 
    where
        wq1_0.tank_id=? 
        and wq1_0.farm_id=? 
    order by
        wq1_0.measurement_time desc 
    fetch
        first ? rows only
Hibernate: 
    select
        gu1_0.id,
        gu1_0.account_type,
        gu1_0.created_at,
        gu1_0.email,
        gu1_0.name,
        gu1_0.password 
    from
        global_user gu1_0 
    where
        gu1_0.email=?
Hibernate: 
    select
        wq1_0.id,
        wq1_0.dissolved_oxygen,
        wq1_0.farm_id,
        wq1_0.measurement_time,
        wq1_0.ph,
        wq1_0.tank_id,
        wq1_0.temperature 
    from
        water_quality wq1_0 
    where
        wq1_0.tank_id=? 
        and wq1_0.farm_id=? 
    order by
        wq1_0.measurement_time desc 
    fetch
        first ? rows only
Hibernate: 
    select
        gu1_0.id,
        gu1_0.account_type,
        gu1_0.created_at,
        gu1_0.email,
        gu1_0.name,
        gu1_0.password 
    from
        global_user gu1_0 
    where
        gu1_0.email=?
Hibernate: 
    select
        wq1_0.id,
        wq1_0.dissolved_oxygen,
        wq1_0.farm_id,
        wq1_0.measurement_time,
        wq1_0.ph,
        wq1_0.tank_id,
        wq1_0.temperature 
    from
        water_quality wq1_0 
    where
        wq1_0.tank_id=? 
        and wq1_0.farm_id=? 
    order by
        wq1_0.measurement_time desc 
    fetch
        first ? rows only
Hibernate: 
    select
        gu1_0.id,
        gu1_0.account_type,
        gu1_0.created_at,
        gu1_0.email,
        gu1_0.name,
        gu1_0.password 
    from
        global_user gu1_0 
    where
        gu1_0.email=?
Hibernate: 
    select
        m1_0.id,
        m1_0.description,
        m1_0.farm_id,
        m1_0.scheduled_date,
        m1_0.status,
        m1_0.tank_id 
    from
        maintenance m1_0 
    where
        m1_0.farm_id=? 
    fetch
        first ? rows only
Hibernate: 
    select
        gu1_0.id,
        gu1_0.account_type,
        gu1_0.created_at,
        gu1_0.email,
        gu1_0.name,
        gu1_0.password 
    from
        global_user gu1_0 
    where
        gu1_0.email=?
Hibernate: 
    select
        ft1_0.id,
        ft1_0.cnpj,
        ft1_0.created_at,
        ft1_0.name,
        ft1_0.owner_id 
    from
        farm_tenant ft1_0 
    where
        ft1_0.owner_id=? 
    fetch
        first ? rows only
Hibernate: 
    select
        gu1_0.id,
        gu1_0.account_type,
        gu1_0.created_at,
        gu1_0.email,
        gu1_0.name,
        gu1_0.password 
    from
        global_user gu1_0 
    where
        gu1_0.email=?
Hibernate: 
    select
        t1_0.id,
        t1_0.average_weight_g,
        t1_0.farm_id,
        t1_0.fish_capacity,
        t1_0.fish_species,
        t1_0.mortality_count,
        t1_0.name,
        t1_0.next_harvest_date,
        t1_0.status 
    from
        tank t1_0 
    where
        t1_0.farm_id=? 
    fetch
        first ? rows only
Hibernate: 
    select
        gu1_0.id,
        gu1_0.account_type,
        gu1_0.created_at,
        gu1_0.email,
        gu1_0.name,
        gu1_0.password 
    from
        global_user gu1_0 
    where
        gu1_0.email=?
Hibernate: 
    select
        gu1_0.id,
        gu1_0.account_type,
        gu1_0.created_at,
        gu1_0.email,
        gu1_0.name,
        gu1_0.password 
    from
        global_user gu1_0 
    where
        gu1_0.email=?
Hibernate: 
    select
        t1_0.id,
        t1_0.average_weight_g,
        t1_0.farm_id,
        t1_0.fish_capacity,
        t1_0.fish_species,
        t1_0.mortality_count,
        t1_0.name,
        t1_0.next_harvest_date,
        t1_0.status 
    from
        tank t1_0 
    where
        t1_0.farm_id=?
Hibernate: 
    select
        t1_0.id,
        t1_0.average_weight_g,
        t1_0.farm_id,
        t1_0.fish_capacity,
        t1_0.fish_species,
        t1_0.mortality_count,
        t1_0.name,
        t1_0.next_harvest_date,
        t1_0.status 
    from
        tank t1_0 
    where
        t1_0.farm_id=? 
    fetch
        first ? rows only
Hibernate: 
    select
        fr1_0.id,
        fr1_0.farm_id,
        fr1_0.feed_id,
        fr1_0.feeding_time,
        fr1_0.quantity,
        fr1_0.tank_id,
        fr1_0.user_id 
    from
        feeding_record fr1_0 
    where
        fr1_0.farm_id=? 
        and fr1_0.feeding_time between ? and ?
Hibernate: 
    select
        count(m1_0.id) 
    from
        maintenance m1_0 
    where
        m1_0.farm_id=? 
        and m1_0.status=?
Hibernate: 
    select
        gu1_0.id,
        gu1_0.account_type,
        gu1_0.created_at,
        gu1_0.email,
        gu1_0.name,
        gu1_0.password 
    from
        global_user gu1_0 
    where
        gu1_0.email=?
Hibernate: 
    select
        t1_0.id,
        t1_0.average_weight_g,
        t1_0.farm_id,
        t1_0.fish_capacity,
        t1_0.fish_species,
        t1_0.mortality_count,
        t1_0.name,
        t1_0.next_harvest_date,
        t1_0.status 
    from
        tank t1_0 
    where
        t1_0.farm_id=?
Hibernate: 
    select
        fr1_0.id,
        fr1_0.farm_id,
        fr1_0.feed_id,
        fr1_0.feeding_time,
        fr1_0.quantity,
        fr1_0.tank_id,
        fr1_0.user_id 
    from
        feeding_record fr1_0 
    where
        fr1_0.farm_id=? 
        and fr1_0.feeding_time between ? and ?
Hibernate: 
    select
        count(m1_0.id) 
    from
        maintenance m1_0 
    where
        m1_0.farm_id=? 
        and m1_0.status=?
Hibernate: 
    select
        gu1_0.id,
        gu1_0.account_type,
        gu1_0.created_at,
        gu1_0.email,
        gu1_0.name,
        gu1_0.password 
    from
        global_user gu1_0 
    where
        gu1_0.email=?
Hibernate: 
    select
        wq1_0.id,
        wq1_0.dissolved_oxygen,
        wq1_0.farm_id,
        wq1_0.measurement_time,
        wq1_0.ph,
        wq1_0.tank_id,
        wq1_0.temperature 
    from
        water_quality wq1_0 
    where
        wq1_0.tank_id=? 
        and wq1_0.farm_id=? 
    order by
        wq1_0.measurement_time desc 
    fetch
        first ? rows only
Hibernate: 
    select
        gu1_0.id,
        gu1_0.account_type,
        gu1_0.created_at,
        gu1_0.email,
        gu1_0.name,
        gu1_0.password 
    from
        global_user gu1_0 
    where
        gu1_0.email=?
Hibernate: 
    select
        gu1_0.id,
        gu1_0.account_type,
        gu1_0.created_at,
        gu1_0.email,
        gu1_0.name,
        gu1_0.password 
    from
        global_user gu1_0 
    where
        gu1_0.email=?
Hibernate: 
    select
        wq1_0.id,
        wq1_0.dissolved_oxygen,
        wq1_0.farm_id,
        wq1_0.measurement_time,
        wq1_0.ph,
        wq1_0.tank_id,
        wq1_0.temperature 
    from
        water_quality wq1_0 
    where
        wq1_0.tank_id=? 
        and wq1_0.farm_id=? 
    order by
        wq1_0.measurement_time desc 
    fetch
        first ? rows only
Hibernate: 
    select
        wq1_0.id,
        wq1_0.dissolved_oxygen,
        wq1_0.farm_id,
        wq1_0.measurement_time,
        wq1_0.ph,
        wq1_0.tank_id,
        wq1_0.temperature 
    from
        water_quality wq1_0 
    where
        wq1_0.tank_id=? 
        and wq1_0.farm_id=? 
    order by
        wq1_0.measurement_time desc 
    fetch
        first ? rows only
